foodName,carbohydrates,protein,fat
牛肉（代表值，fat9g),,20.0 8.7,0.5
牛肉 (肋条),0.0,18.6,5.4
牛肉（后腿),1.1,20.9,2.0
牛肉 (后腱),2.2,20.1,1.0
牛肉（里脊肉）【牛柳］,2.4,22.2,0.9
牛肉 (前腿),2.9,19.2,1.8
牛肉 (前腱),5.1,20.3,1.3
牛肉（代表值，瘦，fat3g）,1.3,21.3,2.5
牛蹄筋（生）,2.6,34.1,0.5
牛蹄筋 (泡发),0.2,6.0,Tr
牛肉,3.0,17.4,12.4
牛肉（里脊肉）[牛柳],0.0,22.3,5.0
牛肉（臀部肉）[紫盖、白板］,0.9,22.6,2.6
牛肉（肩部肉）[肩肉］,0.0,14.1,31.7
牛肉（胸部肉）[牛胸］,0.0,16.6,28.8
牛肉（腹部肉）[牛腩］,0.0,17.1,29.3
牛肉（膝圆肉）［和尚头］,0.1,22.4,1.8
牛肉(股内肉)「针扒、米龙、 黄瓜条］,0.4,22.8,2.9
牛肉(小腿肉)[牛展、牛腱子］,0.0,23.0,3.3
特牛肉,3.4,23.1,1.4
耗牛牛腱肉 (冻，鲜),2.0,21.2,0.8
耗牛牛霖肉 (冻，鲜),2.7,22.5,1.0
牛鞭 (泡发),0.0,27.2,0.9
牛大肠,0.4,11.0,2.3
牛肚,0.0,14.5,1.6
牛肺,1.5,16.5,2.5
牛肝,6.2,19.8,3.9
牛脑,0.1,12.5,11.0
牛舌,2.0,17.0,13.3
牛肾,2.6,15.6,2.4
牛心,3.1,15.4,3.5
牛百叶 (黑),0.0,13.2,1.9
酱牛肉,3.2,31.4,11.9
煨牛肉 (罐头),0.1,16.7,11.0
牛肉干,1.9,45.6,40.0
咖哩牛肉干,29.5,45.9,2.7
牛肉松,67.7,8.2,15.7
牛蹄筋 (熟),0.1,35.2,0.6
牛肉 (酱，五香),0.0,33.2,10.7
牛肉 (清香),0.0,25.8,10.7
牛腱子 (香叶),3.2,35.6,5.5
牛肉干 (长富牌),32.2,41.8,5.1
牛肉干 (沙参牌),33.6,40.1,3.6
玉米 (鲜),22.8,4.0,1.2
玉米 (白，干),74.7,8.8,3.8
玉米 (黄，干),73.0,8.7,3.8
玉米面 (白),73.1,8.0,4.5
玉米面 (强化豆粉),68.3,11.8,4.9
玉米粒 (黄、干),79.2,8.0,0.8
玉米面 (黄),78.4,8.5,1.5
玉米糁 (黄),78.7,7.4,1.2
玉米笋 (罐头),4.9,1.1,0.2
玉米面面条,80.5,6.6,0.3
奶油,0.9,0.7,97.0
奶油 (焦克),0.0,3.0,48.3
奶油 （食品工业）,0.0,1.1,55.5
黄油,0.0,1.4,98.0
黄油渣,40.0,11.1,43.8
白脱（食品工业）［牛油、 黄油],0.0,-,82.7
酥油,1.1,1.5,94.4
奶油,1.7,1.1,86.0
酥油,10.3,0.7,74.9
酥油茶 (原味),73.3,3.0,17.7
芭蕉［甘蕉，板蕉，牙蕉］,28.9,1.2,0.1
菠萝[凤梨，地菠萝］,10.8,0.5,0.1
菠萝蜜[木菠萝],25.7,0.2,0.3
刺梨[茨梨，木梨子],16.9,0.7,0.1
番石榴[鸡矢果，番桃］,14.2,1.1,0.4
桂圆,16.6,1.2,0.1
桂圆（干）,64.8,5.0,0.2
桂圆肉,73.5,4.6,1.0
黄皮果,9.9,1.6,0.2
荔枝,16.6,0.9,0.2
芒果[抹猛果，望果],8.3,0.6,0.2
木瓜[番木瓜],7.0,0.4,0.1
人参果,21.2,0.6,0.7
杨梅[树梅，山杨梅],6.7,0.8,0.2
杨桃,7.4,0.6,0.2
椰子,31.3,4.0,12.1
枇杷,9.3,0.8,0.2
橄榄（白榄）,15.1,0.8,0.2
余柑子[油柑子],12.4,0.3,0.1
桂圆 (干),76.2,5.6,0.2
红毛丹,,1.0,1.2 17.5
火龙果[仙蜜果、红龙果］,13.3,1.1,0.2
荔枝 (干),77.4,4.5,1.2
榴莲,28.3,2.6,3.3
芒果 (大头),12.9,0.5,0.1
木瓜[番木瓜］,7.2,0.6,Tr
酸木瓜,11.1,0.3,0.2
蒲桃[香果、水石榴】,10.1,0.6,Tr
山竹,18.0,0.4,0.2
香蕉(红皮）,20.8,1.1,0.2
香蕉 (红皮),19.7,1.1,0.2
香蕉[甘蕉],22.0,1.4,0.2
鸡蛋 (代表值),2.4,13.1,8.6
鸡蛋 (白皮),1.5,12.7,9.0
鸡蛋 (土鸡),5.6,14.4,6.4
鸡蛋白,3.1,11.6,0.1
鸡蛋白 (乌骨鸡),1.0,9.8,0.1
鸡蛋黄,3.4,15.2,28.2
鸡蛋黄(乌骨鸡）,5.7,15.2,19.9
鸡蛋 (红皮),0.0,12.2,10.5
鸡蛋 (藏鸡蛋),2.4,12.6,11.3
鸡蛋 (乌鸡蛋，绿皮),6.1,12.6,10.6
鸡蛋粉「全蛋粉］,11.3,43.4,36.2
鸡蛋黄粉,5.3,31.6,55.1
松花蛋 (鸡蛋),5.8,14.8,10.6
鸡蛋 (煮),0.1,12.1,10.5
毛蛋,0.0,14.2,13.2
荷包蛋 (油煎),1.4,13.5,15.0
荷包蛋 (煮),0.2,12.3,11.7
,0.0,20.0,1.2
火鸡胸脯肉,2.8,22.4,0.2
火鸡肝,3.1,20.0,5.6
火鸡盹,3.2,18.9,0.3
火鸡腿 (熟),6.6,16.7,0.7
鹅,0.0,17.9 19.9,
鹅肝,9.3,15.2,3.4
鹅盹,1.1,19.6,1.9
鹅血,0.0,18.6,0.0
烧鹅,4.2,19.7,21.5
腊鹅,29.6,24.6,21.5
米粉（贝因美果蔬宝多维营 养米粉）,450,1.5,
米粉（贝因美乳清蛋白营养 米粉）,420300,3.0,
米粉（多口味装）（亨氏多 口味装婴儿营养米粉),0.4,5.45.0,85.4
米粉（亨氏黑米红枣营养米 粉五谷系列米粉6至36个月,0.4,,80.4
适用） 米粉（亨氏胡萝卜营养米粉 1段),0.4,5.0,85.4
米粉（亨氏淮山薏米营养米 粉清润系列1段),0.4,5.0,85.4
米粉（亨氏混合蔬菜营养米粉 辅食添加初期至36个月适用),0.4,5.0,85.4
米粉（亨氏鸡肉蔬菜营养米 粉肉鱼系列米粉6至36个月,0.4,5.0,80.4
米粉(亨氏南瓜营养米粉1段),0.4,5.0,85.4
米粉（亨氏五谷杂粮营养米 粉五谷系列米粉8至36个月 适用）,0.8,5.0,79.8
米粉（亨氏鳕鱼苹果营养米 粉6至36个月适用）,0.4,5.0,80.4
米粉（亨氏婴儿营养米粉辅 食添加初期至36个月适用）,0.4,5.0,85.4
米粉（亨氏鱼肉蔬菜营养米 粉6至36个月适用）,0.4,5.0,80.4
米粉（亨氏猪肝蔬菜营养米 粉6至36个月适用）,0.4,5.0,80.4
米粉（嘉宝缤纷水果营养米 粉2阶段）,2.6,1.9,87.2
米粉（嘉宝菠莱营养米粉2 阶段）,2.6,1.9,87.0
米粉（嘉宝番茄牛肉营养米 粉3阶段),86.2,,
米粉（嘉宝胡萝卜营养米粉 1阶段）,87.0,6.4 福,1.9
米粉（嘉宝燕麦营养米粉3 阶段）,84.5,9.5,1.5
米粉(嘉宝营养米粉1阶段),87.0,6.4,1.9
米粉（金装宝贝营养菠菜营 养米粉）,87.0,6.4,1.9
米粉（金装宝贝营养钙铁锌 营养米粉）,87.0,6.4,1.9
米粉（金装宝贝营养什锦水 果营养米粉),87.2,6.2,1.9
米粉（金装宝贝营养西红柿 牛肉营养米粉）,86.2,7.2,1.9
米粉（金装宝贝营养燕麦营 养米粉）,84.5,9.5 1.5,
米粉 (金装核桃营养米粉),85.0,7.5,1.5
米粉(金装胡萝卜营养米粉),86.0,6.5,1.5
米粉(金装牛肉菠菜营养米粉),85.0,7.5,1.5
米粉（金装三文鱼胡萝卜营 养米粉),85.0,7.5,1.5
米粉（金装什果套餐营养米粉）,86.0,6.5,1.5
米粉(金装锌铁钙营养米粉),85.0,7.5,1.5
米粉(金装猪肝蔬菜营养米粉）,85.0,7.5,1.5
米粉（圣元DHA&胡萝卜 营养米粉1段),92.0,7.0 5.0,
米粉（圣元多维蔬菜营养米 粉2段),,7.05.0,92.0
米粉（圣元钙铁锌营养米粉 1段）,,7.0 5.0,92.0
米粉（圣元淮山薏米营养米 粉2段),5.0,5.0,92.0
米粉（圣元鸡肉香菇营养米 粉3段）,5.0,5.0,92.0
米粉（圣元乳清蛋白营养米 粉2段),5.0,2.0,87.0
米粉（圣元什锦水果营养米 粉2段）,5.0,5.0,92.0
米粉 (圣元营养米粉1段),5.0,5.0,92.0
米粉（圣元鱼肉菠菜营养米 粉2段）,5.0,5.0,92.0
米粥（干）（方广鳕鱼胡萝 卜营养雪花粥),5.0,2.0,70.0
奶米粉（亨氏强化铁锌钙营 养奶米粉辅食添加初期至36 个月适用）,0.4,5.0,85.4
奶米粉（亨氏乳清蛋白营养 奶米粉）,0.4,5.45.0,85.4
绿豆(干),,21.6,0.8 62.0
绿豆面,65.8,20.8,0.7
绿豆饼,12.7,15.2,1.2
驴肉 (瘦),,21.5,3.2 0.4
驴鞭,4.3,29.7,0.8
驴肉 (酱),0.0,33.7,2.8
驴肉 (卤),5.8,27.2,1.9
驴肉 (煮),0.0,27.0,13.5
驴肉 （五香）,0.0,28.2,6.0
幼儿配方奶粉（贝因美幼 儿成长配方奶粉）,,56.2,0.6
幼儿配方奶粉（超级飞帆 幼儿配方奶粉IV）,,,56.4 1.4
幼儿配方奶粉（超级能恩 幼儿配方奶粉3段）,,57.6,
幼儿配方奶粉（多美滋多 学1加幼儿配方奶粉3阶段),1.2,16.0,61.1
幼儿配方奶粉（多美滋优 阶幼儿配方奶粉）,,16.0,57.6
幼儿配方奶粉（多美滋幼 衡多营养幼儿配方奶粉),1.2,16.0,60.9
幼儿配方奶粉（飞帆幼儿 配方奶粉Ⅱ）,1.4,19.0,56.7
幼儿配方奶粉（合生元超 级呵护幼儿配方奶粉3阶段),3.0,19.0,59.8
幼儿配方奶粉（亨氏超金 学儿高幼儿配方奶粉3段）,2.4,21.0,56.4
幼儿配方奶粉（惠氏金装 膳儿加幼儿全营养配方奶粉),1.4,16.0,62.4
幼儿配方奶粉（惠氏金装 幼儿乐幼儿配方奶粉）,1.7,16.0,60.7
幼儿配方奶粉（美素佳儿 GOLD 金装幼儿配方奶粉）,2.4,16.2,59.9
幼儿配方奶粉（美赞臣安 儿宝幼儿配方奶粉）,,16.5,58.0
幼儿配方奶粉（能慧金装 幼儿配方奶粉）,1.9,21.5,53.5
幼儿配方奶粉（欧世蒙牛金 装佳智幼儿配方奶粉3阶段）,,21.3,52.5
幼儿配方奶粉（雀巢力多 精幼儿配方奶粉3),1.7,19.8,29.7
幼儿配方奶粉（雀巢能恩 全进口奶源幼儿配方奶粉3）,,20.2,59.1
幼儿配方奶粉（三元爱力 优幼儿配方奶粉）,0.9,19.5,54.1
幼儿配方奶粉（三元爱欣 宝金装幼儿配方奶粉),,,54.8
幼儿配方奶粉（三元爱欣 宝幼儿配方奶粉）,54.9,19.5,
幼儿配方奶粉（三元金装 爱力优幼儿配方奶粉),,19.0,54.1
幼儿配方奶粉（圣元优博 爱系列3幼儿配方奶粉）,,18.0,57.6
幼儿配方奶粉（圣元优聪 金装幼儿配方奶粉）,,18.5,58.2
幼儿配方奶粉（特选健儿 成长配方奶粉3阶段）,0.6,21.6,56.2
幼儿配方奶粉（完达山3 段配方奶粉幼儿配方奶粉）,0.9,22.0,55.4
幼儿配方奶粉（完达山金 装元乳幼儿配方奶粉）,1.1,22.0,56.7
幼儿配方奶粉（完达山育儿 慧金装幼儿配方奶粉3阶段),0.9,22.0,55.6
幼儿配方奶粉（完达山元 乳幼儿配方奶粉3阶段）,0.9,22.0,56.5
幼儿配方奶粉（雅培金装 喜康宝幼儿配方奶粉）,2.6,23.8,52.6
幼儿配方奶粉（雅培金装 小安素全营养幼儿配方粉）,,17.1,62.3
幼儿配方奶粉（雅士利α- 金装幼儿配方奶粉）,2.0,21.0,53.7
幼儿配方奶粉（伊利金领 冠幼儿配方奶粉）,1.0,20.5,54.3
幼儿配方奶粉（伊利金装 幼儿配方奶粉）,1.0,17.8,57.6
幼儿配方奶粉（伊利幼儿 配方奶粉）,54.9,17.6,19.0
幼儿配方羊奶粉（美可高 特幼儿配方羊奶粉）,46.5,20.8,25.0
纯牛奶（代表值，全脂）,4.9,3.3,3.6
纯牛奶 (全脂，美国牛),4.6,2.9,3.2
纯牛奶（全脂，德国牛）,5.1,3.1,3.0
纯牛奶(全脂，光明牌),5.0,3.1,3.2
纯牛奶（全脂，乐百氏牌）,4.8,3.3,3.8
"纯牛奶(全脂,帕玛拉特牌)",5.3,3.0,3.1
纯牛奶（全脂，三元牌）,5.1,3.4,3.9
纯牛奶(全脂，完达山牌),4.9,2.9,3.2
纯牛奶（全脂，龙丹牌),5.1,2.9,3.8
纯牛奶 (全脂，蒙牛牌),5.3,3.1,3.7
纯牛奶（全脂，新南洋牌）,5.1,3.1,3.8
纯牛奶 (全脂，帕玛拉特),5.1,2.9,3.2
纯牛奶 (全脂，伊利牌),5.4,3.2,3.7
纯牛奶（全脂，爱尔兰金 凯利全脂牛奶),4.1,3.2,3.6
纯牛奶（全脂，澳大利亚 澳田纯牛奶）,3.9,3.6,3.5
纯牛奶（全脂，比利时纯 牧牛奶),4.0,3.5,3.4
纯牛奶（全脂，波兰美波 全脂纯牛奶）,7.8,3.2,3.4
纯牛奶（全脂，丹麦爱氏 晨曦有机全脂牛奶),5.2,3.5,3.6
纯牛奶（全脂，德国爱氏 晨曦纯牛奶),5.5,3.4,3.6
纯牛奶（全脂，德国甘蒂 牧场纯牛奶）,4.7,3.3,3.6
纯牛奶（全脂，法国得乐 思全脂牛奶),4.3,3.7,3.6
"纯牛奶(全脂,光明纯牛奶)",4.0,3.4,3.4
纯牛奶（全脂，光明优+ 高品质纯牛奶),4.5,3.6,3.8
纯牛奶（全脂，广泽澳醇 纯牛奶）,4.1,3.5,3.6
纯牛奶 (全脂，花园牌),4.0,2.9,3.3
"纯牛奶(全脂,辉山纯牛奶)",4.7,3.5,3.7
纯牛奶（全脂，龙丹松花 江牧场纯牛奶),4.8,3.6,3.7
纯牛奶(全脂，麦趣尔牌),5.3,2.9,3.1
"纯牛奶(全脂,蒙牛纯牛奶)",4.7,3.4,3.8
纯牛奶（全脂，蒙牛特仑 苏有机纯牛奶),4.9,3.4,4.0
纯牛奶（全脂，明治醇壹 高温杀菌乳),4.8,3.6,3.7
纯牛奶（全脂，瑞士艾美 全脂牛奶),6.4,3.2,3.5
纯牛奶（全脂，圣牧有机 纯牛奶),5.7,3.5,4.1
纯牛奶（全脂，天润牌浓 缩纯奶）,5.7,3.2,3.5
纯牛奶(全脂，完达山纯牛奶),3.6,3.5,4.2
纯牛奶 (全脂，西域春牌),4.8,2.9,3.1
纯牛奶(全脂，夏进纯牛奶),4.4,3.5,3.5
纯牛奶（全脂，现代牧业 纯牛奶),5.1,3.3,3.6
纯牛奶(全脂，新希望复原乳）,4.6,3.0,3.6
纯牛奶（全脂，新希望千 岛湖牧场纯牛奶),4.3,3.2,3.5
纯牛奶(全脂，伊利纯牛奶),4.2,3.4,3.9
纯牛奶（全脂，伊利金典 有机纯牛奶),5.4,3.5,4.1
纯牛奶（全脂，意大利培 兰全脂纯牛奶）,4.2,3.5,3.6
纯牛奶 (代表值，低脂),4.8,3.5,1.5
纯牛奶（低脂，帕玛拉特）,5.0,2.9,1.3
纯牛奶（低脂，澳大利亚 德运部分脱脂纯牛奶),5.0,3.3,2.0
纯牛奶（低脂，德国艾德 牧牌部分脱脂纯牛奶),3.8,3.5,1.7
纯牛奶（低脂，蒙牛特仑 苏低脂牛奶),5.2,3.8,1.3
纯牛奶（低脂，明治醇壹 低脂肪高温杀菌乳）,5.2,3.6,1.2
纯牛奶（低脂，新西兰安 佳低脂牛奶),5.5,3.8,1.5
纯牛奶（低脂，新西兰恒 天然田园低脂牛奶）,3.8,3.7,1.7
低脂奶）,5.4,3.7,1.3
尔蒙特低脂牛奶）,4.6,3.4,1.4
,4.6,3.5,0.3
,4.8,2.9,0.2
澳田脱脂牛奶),4.3,3.7,0.3
晨曦脱脂纯牛奶）,5.5,3.5,0.3
牧场脱脂牛奶),4.0,3.3,0.5
佳轻欣脱脂牛奶）,4.2,3.9,0.0
,5.6,2.7,2.0
卡夫牌）,10.3,2.7,3.0
卡夫牌),10.0,2.8,3.2
三元牌）,9.9,2.3,2.8
调制乳 (全脂，学生奶),8.1,2.6,2.6
核桃牛奶）,6.6,2.5,2.8
苏醇纤牛奶),5.5,3.4,4.0
型零乳糖牛奶）,4.0,3.0,3.5
醇牛奶),5.4,3.4,3.7
调制乳（全脂，旺仔复原 乳牛奶）,10.1,2.5,2.6
调制乳（全脂，夏进炼乳 牛奶）,8.2,2.5,3.1
调制乳（全脂，新西兰安 佳原味进口儿童牛奶）,5.9,3.6,3.5
调制乳（全脂，新希望特 浓牛奶),5.4,3.3,3.5
调制乳(全脂，伊利舒化奶),5.0,3.5,3.8
调制乳（全脂，伊利早餐 奶麦香味),7.6,2.9,3.2
调制乳（低脂，强化锌、钙， 帕玛拉特）,5.0,3.0,3.1
调制乳（低脂，澳大利亚 德运高钙低脂奶),7.1,3.5,1.1
调制乳（低脂，伊利低脂 型舒化奶）,4.6,3.4,1.5
调制乳（低脂，伊利高钙 低脂奶）,5.5,3.2,1.3
调制乳（脱脂，部分复原乳， 澳大利亚德运高钙脱脂奶）,6.2,3.6,0.3
调制乳(脱脂，伊利脱脂奶),4.5,3.3,0.3
鲜牛奶（代表值，全脂）,5.1,3.4,3.7
"鲜牛奶(全脂,光明鲜牛奶)",4.5,3.4,3.5
鲜牛奶（全脂，辉山鲜博 士鲜牛奶）,4.1,3.6,4.3
"鲜牛奶(全脂,完达山鲜牛乳)",4.6,3.6,3.7
鲜牛奶（全脂，西域春牌 全脂巴氏杀菌乳）,6.3,2.5,3.1
鲜牛奶（全脂，现代牧场 鲜牛奶),4.5,3.4,3.6
鲜牛奶（全脂，新希望千 岛湖牧场鲜牛奶),6.7,3.6,3.9
鲜牛奶(全脂，一鸣鲜牛奶),5.0,3.5,3.6
羊乳,5.4,1.5,3.5
人乳,7.4,1.3,3.4
人乳（初乳，1～7天),6.2,2.2,3.8
人乳 (过渡乳，7～14天),7.0,2.2,4.0
人乳（成熟乳）,6.5,1.2,4.4
鲜驴奶,6.5,0.4,0.6
鲜驴奶 (冻),7.0,0.5,1.2
鲜驴奶 (花麒牌，冻),6.5,0.8,1.1
鲜驼奶,6.5,3.7,3.5
鲜驼奶 (冻),9.9,3.6,3.5
驼奶（旺源牌，易拉罐）,6.0,3.9,4.6
菜籽油[青油],0.0,Tr,99.9
茶油,0.0,Tr,99.9
大麻油 [粟米油],0.0,Tr,99.9
豆油,0.0,Tr,99.9
红花油,0.0,Tr,99.9
胡麻油,0.0,-,100.0
花生油,0.0,Tr,99.9
混合油 (菜+棕),0.1,-,99.9
葵花子油,0.0,Tr,99.9
辣椒油,0.0,,100.0
麻子籽,,,
麦胚油,0.0,Tr,99.9
棉籽油,0.1,Tr,99.8
色拉油,0.0,Tr,99.8
椰子油,0.0,Tr,99.9
玉米油,0.5,Tr,99.2
芝麻油[香油],0.2,Tr,99.7
棕榈油,0.0,,100.0
橄榄油,0.0,Tr,99.9
鸽,1.7,16.5,14.2
鹤鹑,0.2,20.2,3.1
乳鸽,0.0,11.3,34.1
乳鸽 (红烧),0.0,16.9,20.8
面条（富强粉，切面）,60.7,8.9,0.4
面条（富强粉，煮）,22.8,3.9,0.4
花卷,45.6,6.4,1.0
空锅饼,60.9,8.6,0.2
烙饼（标准粉）,52.9,7.5,2.3
馒头 (代表值）,47.0,7.0,1.1
馒头 (标准粉),49.8,7.8,1.0
烧饼（加糖）,62.7,8.0,2.1
油饼,42.4,7.9,22.9
油条,51.0,6.9,17.6
花卷 (加牛奶),58.9,6.5,3.2
馒头（富强粉）,50.9,7.1,1.3
水面筋,12.3,23.5,0.1
油面筋,40.4,26.9,25.1
面筋（肉馅）,0.1,16.2,33.2
蜂蛹［蜂胚、蜂仔］,2.3,10.6,5.4
蜂蛹 (油蜂，干),9.0,20.0,61.4
蜂蛹 (大黄),6.6,12.1,3.8
牛蛙,3.4,15.7,0.5
鸡内金,3.8,83.1,1.3
乌梢蛇,0.9,49.4,2.0
团螺,6.2,70.2,6.6
阿胶,9.5,73.0,5.8
珍珠,2.4,2.0,0.1
牛黄,38.4,48.0,0.9
马鹿胎 (粉),24.4,36.8,10.8
蛤,0.0,70.8,11.0
燕窝,21.7,57.9,0.2
蜂胶液,,0.2,-
蛤蟆油,24.6,31.4,1.9
龟甲,2.6,26.4,2.0
刺猬皮,0.8,69.2,8.6
蜂王浆,二,14.6,-
裙边 (干),0.0,81.6,1.2
鱼肚 (干),0.0,75.6,1.0
鱼唇 (干),0.0,83.1,1.6
扁豆 (干),61.9,25.3,0.4
扁豆 (干，白),55.6,19.0,1.3
眉豆（干）[饭虹豆],65.6,18.6,1.1
豇豆 (干),65.6,19.3,1.2
豇豆（干，紫）,65.8,18.9,0.4
豇豆 (煮),24.0,9.5,0.6
豌豆（干),65.8,20.3,1.1
豌豆 (花),63.6,21.6,1.0
豌豆 (煮),19.2,8.9,0.3
鹰嘴豆[桃豆],60.1,21.2,4.2
荆豆(干),28.5,43.6,14.3
木豆（干）[扭豆，豆蓉】,58.8,19.8,4.5
白米虾[水虾米],2.0,17.3,0.4
斑节对虾[草虾],5.4,18.6,0.8
长毛对虾［大虾、白露虾］,3.0,18.5,0.4
蚓［刺、大头虾］,0.0,16.0,1.4
东方对虾【中国对虾],1.6,18.3,0.5
对虾,2.8,18.6,0.8
海虾,1.5,16.8,0.6
河虾,0.0,16.4,2.4
基围虾,3.9,18.2,1.4
江虾[沼虾],9.3,10.3,0.9
龙虾,1.0,18.9,1.1
明虾,3.8,13.4,1.8
塘水虾[草虾],0.0,21.2,1.2
虾虎,4.8,11.6,1.7
螯虾,0.0,14.8,3.8
北极虾,15.4,14.9,1.2
九节虾（鲜）,0.8,21.4,0.1
口虾站[皮皮虾],1.8,14.8,1.7
罗氏沼虾,Tr,20.6,0.8
南美白对虾,,19.4,0.2 0.8
青虾,0.2,23.8,0.4
琼海虾,0.9,8.9,1.8
虾米[海米、虾仁],0.0,43.7,2.6
虾脑酱,0.0,15.2,4.3
虾酱,0.0,10.8,7.6
虾仁 (红),0.0,10.4,0.7
虾皮,2.5,30.7,2.2
虾仁,27.7,20.8,0.6
虾仁肉丸,16.7,4.6,7.4
茄子 (代表值）,,1.1,0.2 4.9
茄子 (绿皮),5.2,1.0,0.6
茄子（圆）,6.7,1.6,0.2
番茄 (整个，罐头),2.6,2.0,0.6
奶柿子[西红柿】,3.2,0.6,0.1
辣椒 (红，尖，干),52.7,15.0,12.0
辣椒（红，小）,8.9,1.3,0.4
甜椒（脱水）,76.6,7.6,0.4
葫子,6.8,0.7,0.1
茄子 (白皮、长),5.5,1.3,0.1
茄子（紫皮、长）,4.8,1.1,0.1
茄子 (紫皮、圆),5.3,0.8,0.2
香瓜茄,5.5,0.6,Tr
番茄[西红柿],3.3,0.9,0.2
樱桃番茄[小西红柿],5.8,1.0,0.2
辣椒(小红尖辣椒）,17.7,4.1,0.4
辣椒（小红尖辣椒、干）,57.4 ce,15.4,D 12.0
辣椒 (青、尖),,0.8 0.3,5.2
甜椒[灯笼椒、柿子椒】,,1.0 0.2,3.8
彩椒,,1.3 0.2,6.4
秋葵［黄秋葵、羊角豆】,1.8,1.8 0.2,6.2
白瓜,0.9,0.9 一,2.6
菜瓜[生瓜，白瓜],0.4,0.6 0.2,3.9
方瓜,0.6,0.8 Tr,3.1
佛手瓜[棒瓜，菜肴梨］,1.2,1.2 0.1,3.8
葫芦[长瓜，蒲瓜，弧瓜］,0.8,0.7 0.1,3.5
葫芦条（干）,18.1,4.3 1.8,64.6
黄瓜（鲜）[胡瓜],0.5,0.8 0.2,2.9
节瓜[毛瓜],1.2,0.6 0.1,3.4
金瓜,0.7,0.5 0.1,3.4
金丝瓜[裸瓣瓜],0.8,3.3 2.0,2.2
苦瓜（鲜）[凉瓜，癫瓜],1.4,1.0 0.1,4.9
南瓜（鲜）[倭瓜，番瓜],0.8,0.7 0.1,5.3
南瓜粉,11.5,7.1,2.1 79.6
蛇瓜［蛇豆，大豆角］,2.0,1.5,0.1 3.9
笋瓜[生瓜],0.7,0.5,一 3.1
西葫芦,0.6,0.8,0.2 3.8
面西胡瓜,,0.8,Tr 1.8
小西胡瓜,,0.7 0.1,4.8
冬瓜,,0.3,0.2 2.4
飞碟瓜,,1.0 0.1,4.4
黄金西葫芦,3.6,1.8,0.1
黄茎瓜[小南瓜],2.0,1.2,0.9
迷你黄瓜[荷兰乳黄瓜],2.5,1.0,0.2
秋黄瓜[旱黄瓜],2.5,0.9,0.2
南瓜 (栗面）,8.8,1.4,0.1
丝瓜,4.0,1.3,0.2
酸奶(代表值，全脂),2.6,363,2.8
酸奶,1.9,295,3.2
酸奶 (高蛋白),7.3,3.2,2.2
酸奶（脱脂）,10.0,3.3,0.4
酸奶(低脂),9.0,2.7,1.9
酸奶 (果料),10.4,3.1,1.4
酸奶(橘味，脱脂),8.2,3.2,0.3
酸奶（调味）,11.9,3.0,3.2
酸奶 (果粒) 酸奶（全脂，多美鲜全脂果,14.6,3.3,2.9
粒，草莓果粒/覆盆子果粒、 桃果粒/西番莲汁/菠萝果粒),19.9,1.6,2.8
酸奶（全脂，盖瑞牌，全 脂风味发酵乳),14.6,3.1,2.5
酸奶(全脂，花园牌),11.3,1.6,2.8
酸奶（全脂，佳丽牌，益 家全脂风味发酵乳),13.8,2.9,3.1
酸奶（全脂，天润牌浓缩 酸奶，全脂风味发酵乳）,14.1,3.0,2.9
酸奶（全脂，西域春牌新 疆老酸奶，凝固型),15.1,3.1,2.6
"酸奶（低脂，艾美牌,草莓、 芒果、蓝莓、覆盆子、菠萝 味低脂风味发酵乳）",16.9,1.6,2.4
牛油 (板油),1.8,Tr,92.0
牛油 (炼),0.1,Tr,99.7
鸭油 (炼),0.0,Tr,99.7
羊油 (板油),8.0,Tr,88.0
羊油 (炼),0.9,Tr,99.0
猪油 (板油),7.2,Tr,88.7
猪油 (炼),0.2,Tr,99.6
大麦[元麦],,10.2,1.4 73.3
黑大麦,74.3,10.2,2.2
肚里黄,76.7,8.8,1.2
青稞,75.0,8.1,1.5
婴儿配方奶粉（超级能恩 乳蛋白部分水解婴幼儿配方 奶粉1段）,,26.0,59.9
婴儿配方奶粉（雅培金装 亲护乳蛋白部分水解婴儿配 方奶粉1阶段),1.1,27.5,54.9
鸭蛋,3.1,12.6,13.0
鸭蛋白,1.8,9.9,
鸭蛋黄,4.0,14.5,33.8
海鸭蛋,,12.7,13.8 16.9
松花蛋（鸭蛋）[皮蛋],,14.2,10.7 4.5
鸭蛋 (咸鸭蛋，生),,12.7,12.7 6.3
鸭蛋(咸鸭蛋，煮),0.0,13.8,13.5
猪肉（代表值，fat30g),0.0,15.1,30.1
猪肥肉（肥，fat 89g),0.0,2.4,88.6
猪肉 (后臀尖),0.0,14.6,30.8
猪肉 (后肘),0.0,17.0,28.0
猪肉 (肋条肉),0.0,9.3,59.0
猪肉(奶脯)软五花、猪夹心],0.0,7.7,35.3
猪肉（奶面）[硬五花］,2.2,13.6,30.6
猪肉 (前肘),2.9,17.3,22.9
猪肉(瘦，fat g),0.0,20.7,7.8
猪肉 (瘦),1.5,20.3,6.2
猪肉（fat 12g),0.2,19.0,11.7
猪肉(腿）,0.8,17.9,12.8
猪肉 (猪脖),0.0,8.0,60.5
猪大肠,0.0,6.9,18.7
猪大排,1.7,18.3,20.4
猪耳,0.0,19.1,11.1
猪蹄,0.0,22.6,18.8
猪蹄筋,0.5,35.3,1.4
猪头皮,12.7,11.8,44.6
猪肘棒,9.4,16.5,16.0
猪肉（前臀尖，杜长大猪）,0.0,15.3,25.3
猪肉 (前臀尖，良杂猪),0.9,14.2,30.4
猪肉(后臀尖，杜长大猪),0.0,20.8,9.1
猪肉 (后臀尖，良杂猪),0.0,20.0,10.5
猪肉 (硬肋，杜长大猪),0.0,10.8,57.1
猪肉 (硬肋，良杂猪),0.0,11.6,54.4
猪肉 (通脊，杜长大猪),0.0,22.3,7.8
猪肉 (通脊，良杂猪),0.0,20.7,6.4
猪肉 (里脊),0.0,19.6,7.9
猪皮,0.0,27.4,28.1
猪小排 (杜长大猪),0.0,16.8,25.3
猪小排 (良杂猪),0.0,14.1,32.7
猪腿肉 (藏香猪),6.3,17.5,19.2
猪肚,0.7,15.2,5.1
猪肺,0.1,12.2,3.9
猪脑,0.0,10.8,9.8
猪脾,3.1,13.2,3.2
猪肾（fat 8g）［猪腰子],0.0,16.0,8.1
猪小肠,1.7,10.0,2.0
猪心,1.1,16.6,5.3
猪血,0.9,12.2,0.3
猪肚,2.2,14.1,3.5
猪肝,1.8,19.2,4.7
猪舌[口条],0.0,18.1,12.4
猪肾（fat2g）【猪腰子],0.6,15.8,1.8
宫爆肉丁 (罐头),8.4,17.7,27.6
酱汁肉,8.4,15.5,50.4
腊肉 (培根),2.6,22.3,9.0
腊肉(生，fat49g),2.9,11.8,48.8
卤猪杂,11.0,24.6,4.8
午餐肉 (北京),12.0,9.4,15.9
咸肉,0.0,16.5,36.0
"猪肉罐头(珍珠里脊丝,罐头)",10.5,6.7,17.3
猪肝 （卤煮),5.6,26.4,8.3
猪肉 (清蒸),0.0,18.4,13.8
猪蹄 (熟),3.2,23.6,17.0
猪肘棒 (熟),2.1,21.3,24.5
福建式肉松,39.7,25.1,26.0
老年保健肉松,32.5,35.8,20.5
太仓肉松,21.6,38.6,8.3
火腿心全精肉 (雪舫蒋牌),0.0,37.0,19.3
火腿心肉 (生，金云牌),0.0,22.2,48.8
腊肉（生，fat68g),1.8,18.2,68.0
叉烧肉,6.0,20.9,9.8
酱排骨,9.6,21.7,26.7
猪肉罐头 (香糟块肉),0.0,15.5,53.3
猪里脊 (熏烤小里脊),11.8,17.7,3.9
猪肉脯,46.6,28.0,8.8
肉酥,35.5,30.7,27.1
扒猪脸,1.4,18.8,29.6
酱肘子,1.8,29.6,8.5
火腿肉（藏香猪）,5.0,29.1,40.7
风干肉 (藏香猪),1.7,27.1,53.6
茶肠,6.7,9.0,29.6
大腊肠,8.6,12.9,20.1
大肉肠,4.6,12.0,22.9
蛋清肠,5.8,12.5,22.8
儿童肠,15.3,13.1,19.6
风干肠,5.9,12.4,23.3
广东香肠,6.4,18.0,37.3
红果肠,20.3,10.2,15.3
火腿肠,15.6,14.0,10.4
腊肠,15.3,22.0,48.3
松江肠,28.5,12.3,26.5
蒜肠,12.7,7.5,25.4
香肠,11.2,24.1,40.7
香肠 (罐头),1.3,7.9,28.1
火腿肠（小红肠）,6.0,11.8,23.2
火腿肠 (小泥肠),3.2,11.3,26.3
午餐肠,24.9,2.9,16.6
午餐肚,34.7,9.3,0.5
方腿,1.9,16.2,5.0
火腿（fat27g）,4.9,16.0,27.4
金华火腿,0.1,16.4,28.0
火腿肠 (圆腿),1.6,18.4,6.5
脆皮肠,4.8,16.6,24.0
热狗肠,6.9,13.2,25.2
火腿肠 (双汇牌),8.8,12.1,14.6
火腿(fat3g),1.7,15.5,3.4
火腿 (宣威牌),3.7,11.4,56.1
三明治火腿,6.1,12.5,4.5
午餐肉 （上海梅林牌）,3.3,9.0,30.1
白条鱼 （裸鱼）,1.6,16.6,3.3
草鱼,0.0,16.6,5.2
赤眼鳟[金目鱼],0.0,18.1,4.1
鱼[猴鱼］,1.2,17.5,4.3
胡子[塘虱（鱼）］,3.1,15.4,8.0
黄颡鱼「戈牙鱼、黄鳍鱼］,7.1,17.8,2.7
黄鳝[鳝鱼］,1.2,18.0,1.4
黄鳝丝,0.0,15.4,0.8
尖嘴白,4.1,22.7,3.3
口头鱼,4.5,19.6,4.2
鲤鱼[鲤拐子］,0.5,17.6,4.1
罗非鱼,2.8,18.4,1.5
罗非鱼（莫桑比克）[非洲 黑鲫鱼］,1.0,16.0,1.0
泥鳅,1.7,17.9,2.0
青鱼［青皮鱼、青鳞鱼、青混］,0.0,20.1,4.2
乌［黑鱼、乌鱼、生鱼］,0.0,18.5,1.2
银鱼［面条鱼］,0.0,17.2,4.0
湟鱼[裸鲤鱼］,6.7,17.1,3.2
鱼［胡子鲈、鲢胡、旺虾］,0.0,17.3,3.7
花,0.0,15.6,6.1
鲢鱼［白鲢、胖子、连子鱼］,0.0,17.8,3.6
鲫鱼「喜头鱼、海附鱼］,3.8,17.1,2.7
鲮鱼[雪鲮】,0.7,18.4,2.1
鲮鱼 (罐头),8.5,30.7,26.9
编鱼「鲂鱼、武昌鱼］,1.2,18.3,6.3
鳗[鳗鱼、河鳗］,2.3,18.6,10.8
鳙鱼「胖头鱼、摆佳鱼、花 鲢鱼］,4.7,15.3,2.2
瓣鱼「桂鱼、花鲫鱼］,0.0,19.9,4.2
鳟鱼[红鲜鱼],0.2,18.6,2.6
草鱼［白鲩、草包鱼］,0.5,17.7,2.6
鲢鱼[白鲢、胖子、连子鱼］,0.0,16.3,2.1
鲫鱼「喜头鱼、海附鱼],0.7,18.0,1.6
丁桂鱼,0.2,29.7,4.2
乌（野生）「黑鱼、乌鱼、 生鱼】,1.1,19.9,2.3
花骨鱼,0.4,25.8,5.6
黄颡鱼「戈牙鱼、黄鳍鱼],Tr,17.3,10.2
回头鱼,0.4,14.5,5.3
鱼,10.8,14.8,4.5
斑[剑骨鱼],Tr,16.8,7.3
抗浪鱼,2.1,16.6,11.0
蓝鳃太阳鱼,0.3,17.8,2.3
钳鱼,0.7,29.2,10.3
翘嘴红（鲜）,0.1,18.1,5.6
鱼,0.9,20.8,11.3
蝙鱼［鲂鱼、武昌鱼］,0.7,27.0,3.5
鲟鱼,0.6,23.4,0.4
雅鱼,0.1,26.5,2.7
胭脂鱼 (养殖),0.4,38.8,0.6
棒棒鱼 (雅江冷水鱼),Tr,27.1,1.1
尖嘴鱼 (雅江冷水鱼),4.6,17.1,2.2
胡子鱼 (雅江冷水鱼),4.4,17.4,1.3
白姑鱼[白米子(鱼）］,0.0,19.1,8.2
鱼［蓝圆、边鱼］,4.8,18.5,3.4
带鱼［白带鱼、刀鱼］,3.1,17.7,4.9
堤鱼,1.3,17.6,12.8
丁香鱼 (干),4.6,37.5,3.1
狗母鱼[大头狗母鱼］,3.0,16.7,2.3
海鲫鱼[九九鱼],3.6,17.0,13.7
海鳗[鲫勾],0.5,18.8,5.0
红娘鱼[翼红娘鱼］,1.9,18.0,2.8
黄姑鱼[黄婆鸡］,0.0,18.4,7.0
黄鱼 (大黄花鱼),0.8,17.7,2.5
黄鲂［赤虹、老板鱼］,0.6,18.5,0.5
金线鱼[红三鱼],0.0,18.6,2.9
绿鳍马面[面包鱼、橡皮鱼］,1.2,18.1,0.6
梅童鱼「大头仔鱼、丁珠鱼］,0.0,18.9,5.0
沙丁鱼[沙］,0.0,19.8,1.1
沙钻鱼「多鳞鳍、沙梭鱼、 麦穗鱼］,1.2,18.4,0.6
蛇［沙梭鱼］,0.3,20.8,4.2
舌鳎［花纹舌头、舌头鱼］,0.0,17.7,1.4
油抒[香梭鱼］,0.0,15.9,9.0
颚针鱼[针量鱼］,1.4,20.2,10.4
鱼「马鲛鱼、燕鱿鱼、巴鱼］,2.1,21.2,3.1
鱼（咸）[咸马胶］,12.4,23.3,1.6
鲆[片口鱼、比目鱼],0.0,20.8,3.2
鲈鱼[鲈花】,0.0,18.6,3.4
始鱼「青鱼、始巴鱼、 青砖鱼］,2.2,19.9,7.4
鲑鱼【大马哈鱼、三文鱼］,0.0,17.2,7.8
鲑鱼籽酱「大马哈鱼籽酱、 三文鱼籽酱1,14.4,10.9,16.8
鱼（大)[大凤尾鱼］,0.8,13.2,5.5
鱼（小）「小凤尾鱼］,4.0,15.5,5.1
鲨鱼 (真鲨、白斑角鲨),0.0,22.2,3.2
鱼（银鱼）[平鱼］,0.0,18.5,7.3
鲷「黑鲷、铜盆鱼、大目鱼］,2.7,17.9,2.6
鱼[白眼棱鱼］,0.0,18.9,4.8
鲽［比目鱼、凸眼鱼］,0.5,21.1,2.3
鱼[夫鱼],0.0,20.8,0.7
鱼[快鱼、力鱼],0.0,20.7,8.5
鳕鱼「鳕狭、明太鱼］,0.5,20.4,0.5
鱼「鳖鱼］,0.0,20.2,0.9
带鱼 (切段),0.0,17.6,4.2
黄鱼 (小黄花鱼),0.0,17.0,5.1
金蝗鱼,0.0,18.7,2.7
鳍鱼,0.2,14.4,39.4
双髻鲨,0.0,27.4,0.1
紫青低纹 (冰鲜),0.8,20.5,7.2
鱼,Tr,13.7,0.6
鱼 (鲜，刺),5.9,16.8,6.5
大菱鲆鱼（鲜）【多宝鱼］,0.7,17.0,1.1
海鲈鱼 (鲜),0.4,19.5,3.6
红鳍笛鲷[红鱼］,2.7,20.1,4.8
黄姑鱼 (鲜),5.6,14.7,0.7
鱿鱼［马鲛鱼］,4.4,18.7,11.3
石斑鱼 (老虎斑),2.7,20.2,4.3
石斑鱼 (红石斑鱼),1.6,19.9,0.4
石斑鱼 (黑石斑鱼),0.9,20.2,1.2
石斑鱼（花石斑鱼）,1.7,20.2,0.8
苏眉鱼,Tr,16.5,0.4
青衣（红色）,0.2,20.1,0.3
青衣 (孔雀绿色),0.6,19.2,0.3
笠鱼,0.9,22.2,0.5
金枪鱼肉,1.1,23.7,0.3
鱿鱼肉[马鲛鱼肉］,1.0,23.7,0.3
刺泡鱼［刺鲍鱼】,Tr,23.0,0.2
鱼片干,22.0,46.1,3.4
鱼奇油[鱼露、虾油］,0.0,11.2,0.2
鱼排,24.5,10.1,2.4
鱼丸,12.7,11.1,1.3
鱼子酱,24.7,9.6,7.1
草鱼 (熏),9.6,24.0,16.5
丁香鱼 (香辣味),18.3,19.0,28.2
凤尾鱼 (熟）,9.7,23.5,43.0
箭鱼 (炸),10.7,20.8,16.1
金枪鱼 (盐水浸),0.0,23.5,0.6
金枪鱼 (油浸),0.0,27.1,9.0
鲮鱼(豆豉，熟）,17.9,25.5,33.1
鳗鱼 (红烧),9.5,21.3,9.8
鱼（烤，150℃，20分）,0.0,19.1,34.8
鳍鱼 (炸),0.1,17.2,53.4
鱼 (蒸),0.7,14.6,36.5
鱼 (煮),0.4,14.9,34.5
沙丁鱼 (茄汁，熟),3.0,13.8,9.8
沙丁鱼 (盐水浸),0.0,21.5,9.6
沙丁鱼 (油浸),,23.3,14.1 0.0
午餐鱼 (香辣味),3.3,24.4,30.2
鳕鱼 (烤),Tr,21.4,1.2
鳕鱼 (炸),15.6,12.4,14.3
冻干草莓脆果（果仙多维,,,83.7
V草莓萃脆果（冻干）） 肝粉(伊威全机能肝粉),,25.2,20.0
肝酥（方广宝宝营养猪肝酥）,,20.0,35.0
肉松 (伊威婴幼儿纯肉松),36.0,22.0,22.0
肉酥（贝因美宝宝菠菜营养,42.0,32.0,20.0
肉酥） 肉酥（贝因美宝宝胡萝卜营,42.0,32.0,20.0
养肉酥) 肉酥（原味）（贝因美宝宝,42.0,32.0,20.0
原味营养肉酥）,35.0,25.0,20.0
海参,2.5,16.5,0.2
海参 (干),4.5,50.2,4.8
海参 (水浸),0.0,6.0,0.1
海盐皮,3.8,3.7,0.3
海头,11.8,6.0,0.3
墨鱼 (鲜，曼氏无针乌贼),3.4,15.2,0.9
墨鱼 (干，曼氏无针乌贼),2.1,65.3,1.9
鱿鱼 (鲜，中国枪乌贼) [枪乌贼],0.0,17.4,1.6
鱿鱼(干，中国枪乌贼),7.8,60.0,4.6
鱿鱼 (水浸),0.0,17.0,0.8
乌鱼蛋,0.0,14.1,1.1
章鱼（章鱼肉）【八爪鱼］,1.4,10.6,0.4
章鱼[八爪鱼],14.0,18.9,0.4
甲鱼蛋,3.0,12.5,7.3
乌龟 （龟板）,6.8,9.9,44.4
乌龟 (肉),0.4,14.5,21.1
金鲨鱼翅 (干）,2.3,84.1,0.5
鱼翅 (干),0.0,88.4,0.9
棘参 (鲜),,4.1 0.0,1.2
海参(干),9.5,64.0,0.9
梅花参 (泡发),4.5,11.7,0.9
墨鱼 (干),4.2,71.6,1.1
墨鱼圈,0.0,13.0,2.2
墨鱼丸,8.0,13.4,4.7
黄豆[大豆】,34.2,35.0,16.0
黑豆 (干)[黑大豆],33.6,36.0,15.9
青豆（干）[青大豆],35.4,34.5,16.0
黄豆,37.3,33.1,15.9
黄豆粉,37.6,32.7,18.3
豆腐花[豆腐粉］,84.3,10.0,2.6
豆浆粉,66.8,19.7,9.4
豆奶粉 (维维牌),65.2,19.4,9.4
豆奶粉（多力牌）,76.4,12.3,6.5
豆奶粉 (大磨牌),51.6,27.4,13.0
豆腐（代表值）,3.4,6.6,5.3
豆腐(内酯),3.3,5.0,1.9
豆腐脑[老豆腐】,0.0,1.9,0.8
豆腐 (北豆腐),3.0,9.2,8.1
豆腐（南豆腐）,3.9,5.7,5.8
豆奶[豆乳],1.8,2.4,1.5
豆汁(生）,1.4,0.9,0.1
酸豆奶,11.8,2.2,1.2
豆浆,1.2,3.0,1.6
豆浆 (甜),4.9,2.4,0.5
豆腐丝,6.2,21.5,10.5
豆腐丝 (干),3.7,57.7,22.8
豆腐丝 (油),14.5,24.2,17.1
豆腐卷,7.2,17.9,11.6
油豆腐,4.9,17.0,17.6
腐竹,22.3,44.6,21.7
枝竹,20.8,44.4,24.7
千张[百页],5.5,24.5,16.0
豆腐干 (代表值),9.6,14.9,11.3
豆腐干 (菜干),5.0,13.4,7.1
豆腐干 (臭干),4.5,10.2,4.6
豆腐干 (酱油干),4.0,14.9,9.1
豆腐干 (卤干),33.4,14.5,16.7
豆腐干 (蒲包干）,8.9,12.1,5.7
豆腐干 (香干),5.1,15.8,7.8
豆腐干 (小香干),5.4,17.9,9.1
豆腐干 (熏干),8.8,15.8,6.2
豆肝尖,9.4,17.2,12.0
素大肠,13.0,18.1,3.6
素火腿,4.8,19.1,13.2
素鸡,4.2,16.5,12.5
素鸡丝卷,10.1,11.2,13.7
素什锦,8.3,14.0,10.2
炸素虾,19.3,27.6,44.4
烤麸,9.3,20.4,0.3
豆腐皮,12.5,51.6,23.0
,,54.2 27.2,8.1
豆腐干,,19.6 35.2,11.4
白果(干)[银杏],72.6,13.2,1.3
菠萝蜜,36.7,4.9,0.3
核桃(鲜),6.1,12.8,29.9
核桃（干)[胡桃],19.1,14.9,58.8
毛核桃,21.7,12.0,6.7
山核桃 (干),26.2,18.0,50.4
栗子(鲜）[板栗],42.2,4.2,0.7
栗子（干）[板栗],78.4,5.3,1.7
栗子(熟）[板栗],46.0,4.8,1.5
松子 (生),19.0,12.6,62.6
松子（炒）,21.4,14.1,58.5
松子仁,12.2,13.4,70.6
杏仁,23.9,22.5,45.4
杏仁 (大杏仁),27.8,19.9,42.9
杏仁 (炒),18.7,25.7,51.0
杏仁 (原味),19.7,21.3,50.6
杏仁 (漂白后),19.9,21.9,50.6
杏仁 (过油炸干),17.7,21.2,55.2
杏仁 (烤干，不加盐）,19.3,22.1,52.8
杏仁（烤干，加盐）,19.3,22.1,52.8
橡实[橡子，青冈子],50.5,4.0,2.0
榛子 (干),24.3,20.0,44.8
榛子 (炒),13.1,30.5,50.3
山核桃（熟）[小核桃],,8.3,64.5 21.3
栗子[板栗],2.0,4.4,1.6 39.6
栗子[板栗】,3.1,4.4,1.4 41.9
栗子[板栗],1.9,4.4,1.0 36.3
栗子[板栗】,2.1,3.8,0.9 40.7
栗子[板栗],1.8,4.3,1.1 39.9
栗子仁（熟）,,4.5,1.5 45.7
松子(熟）,,12.9,40.4 40.3
杏仁（熟，带壳）,,25.1,58.4 11.0
杏仁 (熟，去壳),,28.0,54.4 11.1
腰果（熟）,10.4,24.0,50.9 20.4
榛子 (熟),12.9,12.5,57.3 25.6
榛子仁（熟）,-,15.6,52.9 26.7
开心果 (熟),8.2,20.6,53.0 21.9
香框（熟）,,12.4,57.0 26.9
花豆(干，红),,19.1,1.3 62.7
花豆(干，紫),7.4,17.2,1.4 65.8
芸豆（干，白),9.8,1.4,57.2
芸豆 (干，红),8.3,21.4 1.3,62.5
芸豆（千，虎皮）,3.5,22.5 0.9,62.5
芸豆 (干，杂，带皮),,22.4,0.6 63.3
葡萄（代表值）,10.3,0.4,0.3
红玫瑰葡萄,10.7,0.4,0.2
葡萄 (巨峰）,12.0,0.4,0.2
葡萄(马奶子),9.1,0.5,0.4
葡萄 (玫瑰香),12.1,0.4,0.4
紫葡萄,10.3,0.7,0.3
葡萄干,83.4,2.5,0.4
红提子葡萄,13.1,0.4,0.2
石榴（代表值）,18.5,1.3,0.2
石榴 (红粉皮),19.4,1.3,0.1
石榴（玛瑙）,18.4,1.6,0.2
石榴 (青皮),18.5,1.2,0.2
柿,18.5,0.4,0.1
荷柿,17.1,0.6,0.2
磨盘柿,19.6,0.7,0.1
柿饼,62.8,1.8,0.2
桑葚（代表值）,13.8,1.7,0.4
桑葚（白）,14.9,1.8,0.3
桑葚(红),,1.6,0.4 12.9
桑葚（干）,54.2,21.1,6.1
醋栗[灯笼果］,10.2,0.9,0.6
黑醋栗[黑加仑］,15.4,1.4,0.4
沙棘,25.5,0.9,1.8
无花果,16.0,1.5,0.1
中华猕猴桃[毛叶猕猴桃],14.5,0.8,0.6
草莓[洋莓，凤阳草莓],7.1,1.0,0.2
无花果 (干),77.8,3.6,4.3
白萝卜（鲜）[莱］,4.0,0.7,0.1
萝卜[红皮萝卜],4.2,0.8,0.1
红旦旦萝卜[樱桃萝下，小水萝],4.3,0.8,Tr
红萝卜[萝],4.6,1.0,0.1
红心萝卜[心里美],9.8,1.2,Tr
花叶萝卜,11.5,1.2,0.1 福
水萝[脆萝],5.5,0.8,Tr
小水萝卜[算盘子，红皮萝卜],4.2,1.1,0.2
红心萝卜[心里美],4.9,0.8,0.2
白萝卜 (圆),3.6,0.7,0.2
青萝卜,6.9,1.2,0.2
樱桃萝卜,3.0,0.9,0.1
胡萝卜（红)[金笋，丁香萝卜],8.8,1.0,0.2
胡萝卜 (黄),10.2,1.4,0.2
胡萝卜 (脱水),77.9,4.2,1.9
胡萝卜,8.1,1.0,0.2
芥菜头[大头菜，水芥］,7.4,1.9,0.2
蓝[玉蔓菁，球茎甘蓝， 大头菜］,7.0,1.3,0.2
甜菜根(鲜）甜菜头，糖萝卜],23.5,1.0,0.1
根芹［根洋芹、球根塘蒿］,10.0,2.2,0.1
紫菜头,10.6,1.8,0.2
面条(贝因美蛋黄营养面条),,11.0,5.0
面条(贝因美果蔬营养面条),,11.0,5.0
面条(贝因美黑芝麻营养面条),,11.0,5.0
面条（方广金装彩面核桃黑 芝麻蔬菜营养面),70.0,6.0,1.5
面条（亨氏金装粒粒面黑米 紫薯面）,72.0,11.2,4.5
面条(伊威猪肝蔬菜营养面),56.0,6.0,3.0
鹤鹑蛋,2.1,12.8,11.1
鹤鹑蛋 (五香罐头),0.0,11.6 11.7,0.0
鲍鱼[杂色鲍］,6.6,12.6,0.8
鲍鱼 (干),13.7,54.1,5.6
蛏子,2.1,7.3,0.3
蛏干[蛏子缢、蛏青子］,27.4,46.5,4.9
赤贝,0.0,13.9,0.6
河蚌,0.7,10.9,0.8
河蚬[蚬子】,1.7,7.0,1.4
牡蛎[海蛎子],8.2,5.3,2.1
生蚝,0.0,10.9,1.5
泥蚶［血蚶、珠蚶］,6.0,10.0,0.8
扇贝 (鲜),2.6,11.1,0.6
扇贝（干）[干贝],5.1,55.6,2.4
鲜贝,2.5,15.7,0.5
银蚶[蚶子],2.3,12.2,1.4
贻贝（鲜）[淡菜、壳菜］,4.7,11.4,1.7
贻贝（干）「淡菜、壳菜],20.1,47.8,9.3
海蚌[西施舌],0.2,9.5,0.3
鲍鱼 (皱纹鲍),4.8,13.7,0.1
蛤蜊(代表值）,2.8,10.1,1.1
蛤蜊 (花蛤),2.2,7.7,0.6
蛤蜊（毛蛤剌）),7.1,15.0,1.0
蛤蜊 (秋蛤剌),5.0,15.6,0.7
蛤蜊(沙蛤蜊）,0.8,8.9,1.9
蛤蜊 (杂色蛤蜊),0.7,7.5,2.2
螺（代表值）,6.6,15.7,1.2
红螺,7.6,20.2,0.9
黄螺［东风螺］,4.5,19.8,1.0
螺蛳,6.0,7.5,0.6
石螺,8.2,12.8,0.7
田螺,3.6,11.0,0.2
香海螺,10.1,22.7,3.5
海蚌 (鲜),5.5,6.9,0.2
海蚌 (漳港海蚌，鲜),4.9,9.4,0.7
蛏子 (焯),1.1,13.5,0.9
缢蛏（鲜）,5.6,8.6,1.8
牛角江班蛤（鲜）「长带子］,4.0,7.1,0.5
文蛤（鲜）,3.2,9.2,0.7
血蚶 (鲜),3.3,8.2,0.5
六角螺 (鲜),,23.5,0.5 4.8
海螺肉 (干),0.0,0.5,7.0
文蛤丸,,16.2,9.2 15.8
婴儿配方豆粉（三元爱力 优豆基婴儿配方粉）,-,27.6,54.7
马肉,0.1,20.1,4.6
马心,1.0,18.9,2.7
马肉 （卤）,1.2,30.5,4.8
蚕豆（干）,61.5,21.6,1.0
蚕豆 (带皮),59.9,24.6,1.1
蚕豆（去皮）,58.9,25.4,1.6
马牙大豆 (干),,27.2,0.9 59.4
脑豆（干）,59.6,23.4,3.8
蚕豆 (烤),63.8,27.0,2.0
蚕豆（炸）[开花豆],40.4,26.7,20.0
蚕豆 (煮),10.1,4.8,0.5
稻米 (代表值）,,7.9 0.9,77.2
梗米 (标一),0.6,7.7 0.6,77.4
粳米 (标二),0.4,0.6,77.7
梗米 (标三),0.4,0.8,77.6
粳米（标四）,0.7,0.7,78.1
梗米 (特等),0.4,7.3 0.4,75.7
梗米 (极品精米),-,6.4 1C 1.2,78.1
梗米 (西域王米),,7.5,1.8 77.0
粳米（小站稻米）,79.2,6.9,0.7
粗米 (标一),77.9,7.7,0.7
粗米（标准）[机米],78.3,7.9,0.6
粘米 (优标),77.3,8.3,1.0
早灿,76.2,9.9,2.2
早灿 (标一),77.2,8.8,1.0
早釉 (标二),75.1,9.5,1.0
早粗 (特等),76.7,9.1,0.6
晚釉（标一）,77.3,7.9,0.7
晚釉 (标二),75.7,8.6,0.8
晚 (特等）,76.9,8.1,0.3
粗稻 (红),76.4,7.0,2.0
黑米,72.2,9.4,2.5
香米,72.4,12.7,0.9
粗米,78.0,7.5,1.1
香米,77.2,8.4,0.7
糙米,75.0,7.7,2.7
糯米[江米],78.3,7.3,1.0
优糯米,75.3,9.0,1.0
早糯谷,77.0,7.1,3.2
紫红糯米［血糯米］,75.1,8.3,1.7
梗糯米,76.7,7.9,0.8
粗糯米,78.0,7.9,1.1
米饭（蒸，代表值）,25.9,2.6,0.3
粳米饭 (蒸),26.2,2.6,0.3
梗米粥,9.9,1.1,0.3
粗米粉[排米粉],81.5,7.4,0.1
粗米粉 (干，细),78.3,8.0,0.1
高蛋白豆米粉 (灿米),71.0,16.5,7.1
粗米饭（蒸）,26.4,3.0,0.4
粗米粥,13.4,1.3,0.2
米粉,85.8,0.4,0.8
河粉,79.2,7.7,1.5
饼干(贝因美营养磨牙棒饼干),75.0,8.0,5.0
饼干（方广科学配方宝宝机,60.0,7.0,20.0
能饼干） 饼干（格兰宝小二七种蔬菜,57.0,11.5,16.8
饼干） 饼干（嘉宝草莓苹果味星星,6.0,,0.0
泡芙饼干) 饼干 (嘉宝香草圈圈饼干),3.0,0.0,0.5
饼干（伊威全机能字母宝宝 营养饼干),65.5,8.5,23.5
蚕豆淀粉,85.3,0.5,Tr
豌豆淀粉,85.0,0.6,Tr
玉米淀粉,85.0,1.2,0.1
团粉[芡粉］,85.8,1.5,Tr
藕粉,93.0,0.2,Tr
桂花藕粉,85.3,0.4,0.1
魔芋精粉［鬼芋粉，南星粉】,78.8,4.6,0.1
淀粉 (小麦),86.0,0.2,0.5
淀粉 （大米）,89.3,0.2,0.7
淀粉 (马铃薯),82.0,0.1,0.1
淀粉 (甘薯),,0.1 0.2,84.4
煎炸粉,0.7,12.1 1.4,73.6
粉丝,1.1,0.2,83.7
豌豆粉丝,0.3,Tr,91.7
粉条,0.6,0.5 0.1,84.2
胡麻子,39.5,19.1,30.7
花生（鲜）［落花生，长生果】14.10,13.0,12.0,25.4
花生（炒),23.8,21.7,48.0
花生仁 (生),21.7,24.8,44.3
花生仁（炒）,25.7,23.9,44.4
葵花子(生),19.1,23.9,49.9
葵花子 (炒，咸),17.3,22.6,52.8
葵花子仁,16.7,19.1,53.4
莲子 (干),67.2,17.2,2.0
莲子 (糖水罐头),46.9,2.8,0.5
南瓜子（炒）[白瓜子],7.9,36.0,46.1
南瓜子仁,4.9,33.2,48.1
西瓜子(炒）,14.2,32.7,44.8
西瓜子,13.4,30.3,46.5
西瓜子仁,8.6,32.4,45.9
芝麻子（白),31.5,18.4,39.6
芝麻子 (黑),24.0,19.1,46.1
芡实米（鲜）[鸡头米],31.5,4.4,0.2
芡实米（干）[鸡头米],79.6,8.3,0.3
花生（烤，勤俭牌）,21.2,26.4,46.3
花生 (烤，密日兴牌),55.9,16.6,22.3
花生仁（油炸）,26.2,22.2,47.1
葵花子 (熟，奶油香),17.9,22.7,54.1
葵花子（熟，原味）,15.1,28.5,49.0
南瓜子(熟）[白瓜子],12.9,26.6,52.8
西瓜子（熟）[黑瓜子],9.5,29.0,46.0
苹果 (代表值),,0.4,0.2 13.7
伏苹果,11.8,0.5,0.1
国光苹果,13.3,0.3,0.3
旱苹果,8.4,0.4,0.2
红富士苹果,11.7,0.7,0.4
红香蕉苹果,12.3,0.4,0.2
红星苹果,14.3,0.4,0.1
红玉苹果,14.7,0.2,0.2
红元帅苹果,14.3,0.2,0.4
黄香蕉苹果,13.7,0.3,0.2
黄元帅苹果,14.7,0.2,0.3
金元帅苹果,13.3,0.2,0.1
青香蕉苹果,13.1,0.3,0.1
秋里蒙苹果,11.9,0.2,0.2
香玉苹果,15.7,0.5,0.1
印度苹果,14.8,0.6,0.2
祝光苹果,12.5,0.4,0.1
倭锦苹果,13.6,0.2,0.2
苹果（罐头）,10.3,0.2,0.2
梨(代表值）,13.1,0.3,0.1
梨(巴梨),12.9,0.4,0.2
长把梨,14.9,0.8,0.8
冬果梨,12.8,0.4,0.2
鹅黄梨,1.9,0.3 0.1,10.7
红肖梨,3.2,0.2,Tr 10.5
锦丰梨,3.2,0.2,0.1 13.9
京白梨,1.4,0.2,0.5 13.7
库尔勒香梨,6.7,0.1,0.1 13.4
莱阳梨,2.6,0.3,0.2 14.1
马蹄黄梨,1.3,0.3,0.1 12.5
明月梨,0.9,0.3,0.2 13.3
木梨,1.9,0.4,0.1 8.2
苹果梨,2.3,0.2,0.1 13.9
软梨,9.1,0.4,0.2 11.7
苏梅梨,5.7,1.2,0.2 20.5
苏木梨,2.5,0.6,0.3 13.1
酥梨,1.2,0.3,0.1 11.4
酸梨,3.7,0.1,0.1 9.8
香梨,2.7,0.3,0.1 13.6
雪花梨,0.8,0.2,0.1 10.6
雪梨,3.0,0.9,0.1 20.2
鸭广梨,5.1,0.6,0.2 16.5
鸭梨,1.1,0.2,0.2 11.1
早酥梨,3.6,0.2,0.2 13.6
紫酥梨,2.0,0.3,0.1 13.3
鳄梨,7.4,2.0,15.3
冬果梨（罐头）,15.9,0.3,
梨(糖水罐头),8.8,0.5,0.2
红果[山里红，大山楂],25.1,0.5,0.6
红果(干),78.4,4.3,2.2
海棠果[子],19.2,0.3,0.2
海棠 (罐头),13.6,0.5,0.2
沙果,17.8,0.4,0.1
吊蛋,16.8,0.8,0.4
面蛋,21.7,1.6,0.5
酸刺,25.5,2.8,0.3
蛇果,14.9,0.1,0.2
小米,75.1,9.0,3.1
小米面,77.7,7.2,2.1
小米粥,8.4,1.4,0.7
小米 (黄),77.7,8.9,3.0
大黄米[黍子],71.1,13.6,2.7
黄米,76.9,9.7,1.5
鸭（代表值）,0.2,15.5,19.7
公麻鸭,6.1,14.3,30.9
母麻鸭,1.4,13.0,44.8
鸭胸脯肉,4.0,15.0,1.5
鸭皮,15.1,6.5,50.2
鸭翅,6.3,16.5,6.1
鸭掌,6.2,26.9,1.9
鸭肠,0.4,14.2,7.8
鸭肝,0.5,14.5,7.5
鸭肝(公麻鸭),10.1,14.7,4.1
鸭肝（母麻鸭),5.9,16.8,2.5
鸭舌[鸭条],0.4,16.6,19.7
鸭心,2.9,12.8,8.9
鸭血 (白鸭),12.4,13.6,0.4
鸭血（公麻鸭）,0.0,13.2,0.4
鸭血 (母麻鸭),0.0,13.1,0.3
鸭胰,1.0,21.7,2.9
鸭盹,2.1,17.9,1.3
鸭胞(公麻鸭）,5.4,19.8,1.2
鸭盹 (母麻鸭),1.6,20.4,4.2
鸭豉片,6.1,18.3,56.1
北京烤鸭,6.0,16.6,38.4
北京填鸭,3.9,9.3,41.3
红烧鸭 (罐头),0.6,15.3,30.5
酱鸭,6.3,18.9,18.4
酱鸭(加梅菜，罐头),2.5,11.8,21.7
盐水鸭 (熟),2.8,16.6,26.1
烤鸭 (老唐牌),0.0,20.3,25.3
烤鸭 (全聚德牌),0.0,18.1,50.8
赤小豆（千）[小豆，红小豆],63.4,20.2,0.6
小豆粥,13.7,1.2,0.4
红豆沙 (去皮),57.1,4.5,0.1
红豆馅,61.7,4.5,0.2
橙,,0.8 0.2,11.1
福橘,10.3,1.0,0.2
橘柑子[宽皮桂],10.2,0.8,0.1
橘 (金橘）[金枣],13.7,1.0,0.2
芦橘,10.3,0.6,0.2
蜜橘,10.3,0.8,0.4
三湖红橘,10.0,0.8,0.3
橘（四川红橘）,9.8,0.7,0.1
小叶橘,8.8,1.1,0.2
早橘,12.6,1.2,0.2
橘饼,92.9,0.6,0.4
柚[文旦],9.5,0.8,0.2
柠檬,6.2,1.1 D,1.2
葡萄柚[西柚],,0.7 0.3,7.8
葡萄柚[西柚],,0.7,0.1 10.0
大白菜（代表值）,3.4,1.6,0.2
大白菜（白梗)[黄芽白],3.7,1.7,0.2
大白菜（青白口）,3.0,1.4,0.1
大白菜 (小白口),2.8,1.3,0.1
白菜（脱水）,72.9,6.2,0.8
白菜墓[菜墓，菜心],4.0,2.8,0.5
红菜墓［紫菜墓］,2.7,2.9,2.5
瓢儿白[瓢儿菜],3.2,1.7,0.2
乌菜［乌塌菜，塌棵菜］,4.2,2.6,0.4
油菜 (黑),2.9,1.8,0.2
油菜 (脱水）,74.3,7.6,0.6
油菜（小),1.6,1.3,0.2
油菜墓[菜墓】,3.0,3.2,0.4
大白菜（白口）,2.9,1.0,0.1
大白菜（青口）,2.6,1.1,0.1
酸白菜[酸菜］,2.6,0.7,0.2
小白菜[青菜］,DL 2.4,1.4,0.3
奶白菜,,2.7,0.2 3.3
鸡毛菜,2.6,2.7,0.2
娃娃菜,2.4,1.9,0.2
乌塌菜［塌菜、塌棵菜］,2.6,1.8,0.1
油菜,2.0,1.3,0.5
油菜心,2.7,1.3,0.4
圆白菜，卷心菜,4.6,1.5,0.2
菜花（脱水）[脱水花椰菜］,76.8,6.5,0.6
芥菜（鲜）［雪里红，雪菜］,4.7,2.0,0.4
芥菜（大叶，鲜）「盖菜］,2.0,1.8,0.4
芥菜（茎用，鲜）[青头菜］,2.8,1.3,0.2
芥菜（小叶，鲜）[小芥菜］,3.6,2.5,0.4
结球甘蓝(绿)[圆白菜],4.0,0.9,0.2
结球甘蓝（紫）[圆白菜］,6.2,1.2,0.2
抱子甘蓝[小圆白菜],8.8,3.5,0.2
羽衣甘蓝,5.7,5.0,0.4
盖莱,2.8,1.5,0.2
芥蓝[甘蓝菜、盖蓝菜］,4.1,3.1,0.3
菜花（白色）[花椰菜］,4.2,1.7,0.2
西兰花[绿菜花】,3.7,3.5,0.6
菠菜（鲜）[赤根菜],4.5,2.6,0.3
菠菜(脱水）,75.7,6.4,0.6
冬寒菜（鲜）[冬苋菜，冬葵],4.9,3.9,0.4
胡萝卜缨(红，鲜),11.3,1.7,0.4
苦菜［节节花，拒马菜］,10.0,2.8,0.6
萝卜缨(白),1.7,2.6,0.3
萝卜缨（青）,7.6,3.1,0.1
萝卜缨(小萝卜）,4.1,1.6,0.3
落葵［木耳菜，软浆菜】,4.3,1.6,0.3
芹菜茎,4.5,1.2,0.2
芹菜叶（鲜）,5.9,2.6,0.6
甜菜叶 (鲜）,4.0,1.8,0.1
香菜（鲜）[荒萎］,6.2,1.8,0.4
香菜 (脱水),71.2,7.4,1.3
苋菜(绿，鲜),5.0,2.8,0.3
苋菜(紫，鲜）[红苋],5.9,2.8,0.4
蒿蒿（鲜）[蓬蒿菜，艾菜］,3.9,1.9,0.3
茴香（鲜）[小茴香],4.2,2.5,0.4
荠菜（鲜）［蓟菜，菱角菜］,4.7,2.9,0.4
莴笋(鲜）[莴苣],2.8,1.0,0.1
番杏[新西兰菠菜、夏菠菜］,3.1,1.8,0.1
樱桃萝卜缨,2.7,2.0,0.1
白凤菜,4.0,1.6,0.2
紫背天葵[红风菜、血皮菜］,3.8,1.9,-
芹菜（茎）[旱芹，药芹】,3.1,0.4,0.2
西芹[西洋芹菜，美芹],4.8,0.6,0.1
生菜[叶用莴苣],1.1,1.6,0.4
油麦菜,2.1,1.1,0.4
叶甜菜（白梗）,2.8,1.6,0.1
莴笋叶[莴苣菜］,2.9,1.0,0.2
菜[空心菜、藤藤菜］,4.0,2.2,0.2
观达菜［根达菜、牛皮菜】,4.5,1.9,0.3
球茎茴香[甜茴香、意大利茴香],4.7,1.2,Tr
竹笋(鲜）,3.6,2.6,0.2
白笋 (干),57.1,26.0,4.0
鞭笋（鲜）[马鞭笋],6.7,2.6,Tr
春笋 (鲜),5.1,2.4,0.1
冬笋（鲜）,6.5,4.1,0.1
黑笋(干),57.5,17.6,2.4
毛笋（鲜）[毛竹笋],3.8,2.2,0.2
玉兰片,18.6,2.6,0.4
百合(鲜),38.8,3.2,0.1
百合 (脱水),79.1,8.1,0.1
金针菜（鲜）[黄花菜],34.9,19.4,1.4
菊苣,3.4,1.3,0.2
芦笋(绿）[石刁柏、龙须菜],3.3,2.6,0.1
芦笋 (紫),3.4,2.7,0.2
结球菊苣 (红),3.4,1.8,0.2
软化白菊苣,3.1,1.5,0.2
穿心莲,2.5,1.7,-
红薯叶,5.1,3.1,Tr
南瓜藤,3.2,1.7,0.0
三七尖,4.0,2.3,
棠梨花,9.1,3.5,0.8
洋丝瓜苗,2.2,4.4,0.3
马铃薯[土豆、洋芋],17.8,2.6,0.2
马铃薯丁 (脱水),80.7,5.7,0.5
马铃薯 (烤),16.4,1.8,0.1
马铃薯 (蒸),15.3,3.0,Tr
马铃薯 (煮),14.2,3.2,Tr
马铃薯全粉,82.7,8.4,0.5
甘薯（白心）[红皮山芋],25.2,1.4,0.2
甘薯片[白薯干],80.5,4.7,0.8
甘薯粉[地瓜粉］,80.9,2.7,0.2
甘薯（红心）[山芋、红薯],15.3,0.7,0.2
木薯,27.8,2.1,0.3
鹅蛋,2.8,11.1,15.6
鹅蛋白,3.2,8.9,-
鹅蛋黄,6.2,15.5,26.4
鹅蛋 (煮),1.0,12.7,13.6
米粉（亨氏AD钙高蛋白营 养米粉加奶补钙系列米粉6 至36个月适用）,0.4,5.0,79.4
米粉（圣元高蛋白营养米粉 3段）,5.0,2.0,87.0
羊肉（代表值，fat7g),1.6,18.5,6.5
羊肉 (冻),3.8,12.6,24.4
羊肉（后腿，带骨),0.3,19.5,3.4
羊肉 (颈),2.2,21.3,4.6
羊肉 (里脊),1.6,20.5,1.6
羊肉(前腿，fat3g),1.6,18.6,3.2
羊肉 (青羊),1.0,21.3,1.1
羊肉(fat4g),0.2,20.5,3.9
羊肉（胸脯）,0.0,19.4,6.2
山羊肉 (生),9.4,8.7,24.5
羊蹄筋 (生),0.0,34.3,2.4
羊蹄筋 (泡发),1.9,8.4,Tr
羊肉（上脑）,0.0,19.0,2.0
羊肉 (腰窝),0.0,18.9,6.6
羊肉（前腿),0.0,19.8,2.0
羊肉 (后腿),0.0,20.6,3.2
羊肉片,2.4,18.0,4.0
羊大肠,0.0,13.4,2.4
羊肚,1.8,12.2,3.4
羊肺,2.5,16.2,2.4
羊肝,7.4,17.9,3.6
羊脑,0.1,11.3,10.7
羊舌,4.8,19.4,14.2
羊肾,1.0,16.6,2.8
羊心,2.0,13.8,5.5
羊血,6.9,6.8,0.2
腊羊肉,11.5,26.1,10.6
羊肉 (熟),0.0,23.2,13.8
羊肉串 (电烤),6.0,26.4,11.6
羊肉串 (烤),2.4,26.0,10.3
羊肉串 (炸),10.0,18.3,11.5
羊肉干,13.7,28.2,46.7
羊肉（羊肉手抓）,0.0,27.3,8.8
山羊肉 (酱),11.8,25.4,13.7
烧羊肉 (五香),0.0,33.6,5.4
羊肉串 (生),5.6,13.0,4.8
桃（代表值）,10.1,0.6,0.1
白粉桃,5.5,1.3,0.1
高山白桃,10.1,0.7,0.2
旱久保桃,11.3,0.9,0.1
桃（黄桃）,14.0,0.5,0.1
金红桃,6.6,0.7,0.1
桃（久保桃）,10.0,0.6,0.1
蜜桃,11.0,0.6,0.1
蒲桃,10.2,0.5,0.2
庆丰桃,10.1,0.6,0.1
晚桃 (黄),,0.7 0.2,9.6
五月鲜桃,0.9,0.4 0.1,10.0
早桃 (黄),1.1,0.4 0.1,10.1
桃(糖水罐头),-,0.3 0.2,14.5
李子,0.9,0.7 0.2,8.7
李子杏,1.1,1.0 0.1,8.6
梅[青梅],1.0,0.9 0.9,6.2
杏,1.3,0.9 0.1,9.1
杏 (罐头),1.4,0.6 0.2,9.7
杏干,4.4,2.7 0.4,83.2
布朗,-,0.6 0.2,10.7
西梅,0.7,0.7 0.1,10.3
枣(鲜),1.9,1.1 0.3,30.5
枣(干),6.2,3.2 0.5,67.8
枣(干，大),9.5,2.1,0.4 81.1
枣（金丝小枣）,7.0,1.2 1.1,76.7
乐陵枣,8.8,3.3,0.6 57.9
密云小枣,7.3,3.9,0.8 55.2
黑枣（无核）[乌枣],2.6,1.7,0.3 57.3
黑枣 (有核),9.2,3.7 0.5,61.4
酒枣,1.4,1.6,0.2 35.7
蜜枣[椰枣],5.8,1.3 0.2,84.4
冬枣,2.2,1.8,0.2 27.8
小枣 (干),66.8,2.7,0.7
酸枣,73.3,3.5,1.5
樱桃,10.2,1.1,0.2
樱桃 (野，白刺),59.8,11.4,3.9
草菇［大黑头细花草、稻菇］,1.6,2.7 0.2,4.3
大红菇（干）[草质红菇】,31.6,24.4 2.8,50.9
地衣（水浸）,1.8,1.5,Tr 1.8
冬菇（干）[毛柄金线菌],32.3,17.8,1.3 64.6
猴头菇（罐装）,4.2,2.0 0.2,4.9
黄蘑 (干),18.3,16.4,1.5 40.1
黄蘑（水发）,4.8,4.3,0.4 4.8
金针菇（鲜）[智力菇],2.7,2.4,0.4 6.0
金针菇 (罐装),2.5,1.0,Tr 6.7
口蘑（白蘑）,17.2,38.7,3.3 31.6
蘑菇（鲜蘑）,2.1,2.7,0.1 4.1
木耳（干）[黑木耳，云耳],29.9,12.1,1.5 65.6
木耳（水发）[黑木耳，云耳],2.6,1.5,0.2 6.0
平菇[糙皮侧耳，青蘑】,2.3,1.9,0.3 4.6
普中红蘑（千）,24.6,18.4,0.7 58.1
双孢蘑菇[洋蘑菇],1.5,4.2,0.1 2.7
松蘑（干）[松口蘑，松茸],47.8,20.3,3.2 48.2
香菇（鲜）[香草，冬菇],3.3,2.2,0.3 5.2
香菇（干）[香草，冬菇],31.6,20.0,1.2 61.7
香杏丁蘑 (千，大),24.9,22.4,0.2 53.9
香杏片口蘑（干）,22.6,33.4,1.5 37.6
羊肚菌（干）[干狼肚],12.9,26.9,7.1 43.7
银耳（干）[白木耳],,10.0,1.4 67.3
珍珠白蘑（干）,56.3,18.3,0.7
榛蘑（半干）[假蜜环菌],31.9,9.5,3.7
榛蘑 (水发）,9.4,2.8,1.1
白蘑菇[双孢蘑菇、洋蘑菇］,3.8,3.5,0.4
北风菌[荷叶离褶伞、一窝羊],2.9,1.7,0.1
草菇[大黑头细花草、稻菇］,3.1,1.1,0.4
茶树菇(干)柱状田头菇、油茶菇1,56.1,23.1,2.6
干巴菌,8.0,3.8,0.4
红奶浆菌[多汁乳菇、谷熟菌】,3.3,1.5,0.4
黄蘑 (干),46.9,24.6,6.4
黄伞菇（干)[多脂鳞伞、黄丝菌],57.5,22.8,3.2
鸡腿菇（干）[毛头鬼伞],51.8,26.7,2.0
鸡油菌[黄丝菌、杏菌］,5.1,2.0,0.3
鸡枞［蚁枞、伞把菇、鸡枞菌］,2.5,2.5,0.2
鸡枞（干）,44.8,32.8,3.7
鸡枞（油炸）[油鸡枞],10.2,4.8,66.3
鸡枞花,1.8,2.3,0.3
牛肝菌（白）[美味牛肝菌],4.5,4.0,0.4
牛肝菌（白、干）美味牛肝菌],53.3,27.8,1.6
牛肝菌（黑）[铜色牛肝菌],4.8,3.6,0.2
牛肝菌（鲜）[黄皮牛肝菌， 黄皮疣柄牛肝菌、黄癫头］,5.3,4.3,0.1
乳牛肝菌（干）[粘盖牛肝 菌、松树菌］,66.0,15.3,2.8
牛眼睛菌（鲜）[马勃菌],6.6,5.1,0.3
平菇[糙皮侧耳、青蘑】,3.2,1.7,0.1
青头菌[变绿红菇、绿菇】,3.1,2.7,0.1
松蘑（干）[松茸、松口蘑],66.5,12.5,3.0
杏鲍菇,8.3,1.3,0.1
血红菇 (干),56.0,22.4,6.7
元蘑（干）[亚侧耳、冬蘑、黄蘑],70.3,12.3,1.5
竹荪（干）[竹笙、竹参],60.3,17.8,3.1
榛蘑（干）[小蜜环菌］,54.6,17.7,10.8
蛹虫草 (干),60.9,23.7,Tr
大蒜（白皮，鲜）[蒜头],27.6,4.5,0.2
大蒜（脱水）,75.4,13.2,0.3
大蒜（紫皮，鲜）「蒜头］,29.6,5.2,0.2
青蒜 (青葱),6.2,2.4,0.3
蒜黄（黄色）,3.8,2.5,0.2
蒜苗(绿色，青蒜),8.0,2.1,0.4
蒜墓（圆）,15.4,2.0,0.1
大葱 (红皮),10.2,2.4,0.1
分葱[四季葱，菜葱］,5.1,2.2,0.7
葱 (小葱，鲜),4.9,1.6,0.4
大葱,5.8,1.6,0.3
细香葱[香葱、四季葱］,6.6,1.4,0.3
洋葱（鲜）[葱头],9.0,1.1,0.2
洋葱（白皮，脱水）,81.9,5.5,0.4
洋葱（紫皮，脱水）,80.6,真 6.9,0.4
韭黄(韭芽，黄色),,2.3,0.2 3.9
韭墓,7.8,2.2,0.1
韭菜,4.5,2.4,0.4
[皎头】,-,,-
白(鲜)[小根蒜，山蒜，团蒜],27.1,3.4,0.4
奶酪[干酪］,,23.5,3.5
奶豆腐 (脱脂),,53.7 2.5,26.5
奶豆腐（鲜）,,46.2,7.8 12.5
奶疙瘩「奶酪干，干酸奶],17.7,55.1,15.0
乳酪 (契达干酪，普通),0.1,25.5,34.4
乳酪 (契达干酪，脱脂),Tr,31.5,15.0
曲拉,43.4,39.1,2.9
乳酪 (全脂软酪),Tr,8.6,31.0
酸酪蛋,24.4,40.4,20.4
乳酪 (羊乳酪),1.5,15.6,20.2
乳酪（中脂软酪）,3.1,9.2,14.5
奶酪 (光明牌),6.5,16.5,28.4
奶酪 (骑士牌),16.3,23.0,25.4
低脂奶酪,12.6,21.6,11.6
硬质干酪,0.1,24.9,34.5
奶酪（爱氏晨曦牌，儿童 奶酪条),Tr,23.9,22.1
奶酪 (百嘉儿童干酪条),1.5,25.0,18.4
奶酪（多美鲜牌，欧洲奶 油奶酪),23.2,13.1,23.4
奶酪（天润牌，无限欢酪）,51.0,3.5,33.0
酸奶疙瘩 (干，农户家),20.9,48.8,18.6
酸奶疙瘩（干，市售）,19.6,31.1,27.6
"酸奶疙瘩(干,市售、加盐)",17.8,51.6,11.7
酸奶疙瘩（瑞缘牌，中脂 特硬质干酪）,49.5,14.4,22.3
酸奶疙瘩 (新鲜),12.4,18.6,16.8
艾蒿,3.6,,
白花菜,0.0,,-
白花桔梗,,,-
白沙蒿（鲜）[沙蒿],8.5,4.3,0.9
白沙蒿子（干）[沙蒿子],41.0,27.9,15.1
白薯叶（鲜）[甘薯叶],9.0,4.8,0.7
百里香 (鲜),-,-,-
败酱（鲜）[胭脂麻],17.3,1.5,1.0
扁蓄菜（鲜）[竹节草],12.4,6.0,0.6
朝鲜蓟 (鲜),10.9,2.7,0.2
刺儿菜（鲜）[小蓟，蓟蓟菜],5.9,4.5,0.4
刺楸(鲜),,-,二
达乌里胡枝子（鲜）[牛枝 子，豆豆苗,23.1,7.0,1.0
达乌里胡枝子子（鲜）[牛 枝子子，豆豆苗子1,41.7,36.8,8.3
大玻璃草叶（鲜）[大车前］,,4.4,0.3 8.8
大巢菜(鲜)野茗子，野豌豆】,13.6,3.8,0.5
大蓟叶（鲜）[飞廉叶],5.5,1.5,1.4
地肤（鲜）[益明，扫帚苗],10.4,5.2,0.8
地笋(鲜[地古牛，地瓜儿苗叶],13.7,4.3,0.7
豆腐柴（鲜）,,,-
独行菜 (鲜),-,2.0,-
独行菜（宽，鲜）,-,-,-
胡枝子（鲜）[山豆子],29.6,5.3,2.2
槐花（鲜）［洋槐花，豆槐花］,17.0,3.1,0.7
黄麻叶 (鲜),5.8,4.7,0.3
碱蓬（鲜）[棉蓬，猪毛菜],5.2,2.8,0.3
苦苦菜 (鲜),6.8,2.5,0.9
轮叶党参,-,,-
罗勒[兰香],4.6,3.8,
马齿苋（鲜)[长寿菜，瓜子菜],3.9,2.3,0.5
"马兰头(鲜)马兰,鸡儿肠， 路边菊］",4.6,2.4,0.4
麦瓶草（鲜）[米瓦罐］,4.4,4.5,0.5
牛至,-,,
牛蒡叶（鲜）,5.1,4.7,0.8
爬景天（鲜）[石头菜］,3.5,0.6,0.7
喷瓜,,,
婆罗门参 (白，鲜),,,
婆罗门参（黑，鲜）[鸦葱],-,-,0.1
蒲公英叶（鲜）[黄花苗叶， 李李丁叶】,7.0,4.8,1.1
掐不齐(鲜)[鸡眼草，牛黄草],23.6,6.1,1.4
清明菜（鲜）[鼠曲菜],8.9,3.1,0.6
沙参叶 (鲜）[白参],21.6,0.8,1.6
沙蓬子（鲜）「沙米],50.6,21.5,8.1
山苦荚叶（鲜）［启明菜叶],5.6,2.2,0.4
食用大黄 (鲜),1.5,1.6,
食用黄麻,-,0.9,0.1
酸模 (鲜),-,1.7,0.2
汤菜（鲜）,3.4,1.8,0.5
土三七（鲜）[景天三七],9.0,2.1,0.7
歪头菜（鲜）[草豆，二叶],17.9,2.5,0.3
梧桐子(鲜）[瓢儿果],30.1,23.6,38.8
夏枯草（鲜）[铁色草],12.7,2.5,0.7
香椿（鲜）[香椿芽］,10.9,1.7,0.4
香茅,-,1.7,0.2
小旋花（鲜）[狗儿蔓］,15.4,,0.5
"鸭跖草(鲜)竹叶菜,淡竹叶]",5.7,2.8,0.3
野葱（鲜）[沙葱，麦葱],6.7,2.7,0.2
野韭菜（鲜）[山韭],7.2,3.7,0.9
野菊（鲜）,9.0,3.2,0.5
野蒜（鲜）[小蒜，野葱］,7.7,1.0,0.4
野苋菜（鲜）[假苋菜］,,5.5,0.6 9.5
茵陈蒿（鲜）[茵陈],4.4,5.6 0.4,12.0
榆钱(鲜),4.3,4.8 0.4,7.6
珍珠花菜,0.0,1.7 0.2,-
紫花桔梗,2.9,0.9 0.1,
紫萼香茶菜,6.9,1.7 0.2,
苣英菜（尖叶）[取葵菜，苦麻子],0.2,2.0 0.0,
苜子（干）[紫首子],12.4,8.7,39.9
茴芹 (鲜),,0.9 0.1,17.0
荞菜（鲜）[野荞］,1.2,0.7,0.2 2.7
萎蒿 (鲜),0.0,3.7 0.7,9.0
蕨菜（鲜）[龙头菜，如意菜］,1.8,1.6 0.4,9.0
蕨菜 (脱水),25.5,6.6 0.9,79.7
蕨麻（干）[鹅绒委陵菜],3.2,1.4,75.0
枸杞菜（鲜）[枸杞，地骨],1.6,5.6 1.1,4.5
浆草（鲜）酸酸草，酸溜溜],,3.1 0.5,12.4
苦苣菜[苦菜、天精菜】,1.7,3.1 0.6,4.5
首[草头、金花菜］,1.4,5.0 0.7,2.9
鱼腥草（叶）[菜、臭菜],,2.1 0.1,10.7
鱼腥草（根）,,2.1 0.1,19.5
刺五加尖,,4.8 1.0,10.2
枸杞叶,,3.0,1.3 5.3
灰灰菜 (干，藜),,18.3 1.5,56.2
荆芥,,2.6,4.3
鸡 (代表值),0.9,20.3,6.7
鸡(土鸡，家养),0.0,20.8,4.5
母鸡 (一年内),5.8,20.3,16.8
肉鸡 (肥),0.9,16.7,35.4
华青鸡,0.0,19.6,8.8
沙鸡,1.6,20.0,6.7
鸡 (乌骨鸡),0.3,22.3,2.3
鸡爪,2.7,23.9,16.4
鸡胸脯肉,0.6,24.6,1.9
鸡腿,0.0,20.2,7.2
鸡翅,5.5,19.0,11.5
鸡块 (带浆粉),18.8,12.2,9.1
野山鸡,6.6,20.4,2.0
鸡肝,2.8,16.6,4.8
鸡肝（肉鸡）,3.5,16.7,4.5
鸡心,0.6,15.9,11.8
鸡血,4.1,7.8,0.2
鸡盹［鸡胗］,4.0,19.2,2.8
扒鸡,0.0,29.6,11.0
炸鸡块[肯德基],10.5,20.3,17.3
卤煮鸡,5.8,29.4,7.9
瓦罐鸡汤 (肉),5.2,20.9,9.5
瓦罐鸡汤 (汤),,1.3,2.4 0.0
鸡肉松,,7.2,16.4 65.8
扒鸡 (五香脱骨),,23.4,10.8 3.8
烤鸡,,28.1,16.9 0.0
童子鸡 (熟),0.0,15.8,18.1
较大婴儿和幼儿配方奶 粉（爱+婴幼儿配方奶粉3 阶段）,,,56.9
较大婴儿和幼儿配方奶粉 （爱+幼儿配方奶粉4阶段),0.9,21.0,56.9
较大婴儿和幼儿配方奶粉 （贝因美较大婴儿配方奶粉）,0.6,22.5,56.0
较大婴儿和幼儿配方奶 粉（超级能恩较大婴儿及幼 儿配方奶粉2段),,22.7,57.6
较大婴儿和幼儿配方奶 粉（雀巢力多精较大幼儿及 幼儿配方奶粉2）,1.7,19.8,59.1
较大婴儿和幼儿配方奶 粉（雀巢能恩全进口奶源较 大婴儿及幼儿配方奶粉2),,20.2,59.1
较大婴儿和幼儿配方奶 粉（三元爱力优较大婴儿及 幼儿配方奶粉）,0.9,816.619.6,55.2
较大婴儿和幼儿配方奶 粉（三元爱欣宝金装较大婴 儿及幼儿配方奶粉）,1.8,19.7,55.6
较大婴儿和幼儿配方奶 粉（三元金装爱力优较大婴 儿及幼儿配方奶粉）,0.9,16.420.0,55.2
较大婴儿和幼儿配方奶 粉（圣元优博爱系列2较大 婴儿和幼儿配方奶粉）,0.0,,56.1
较大婴儿和幼儿配方奶 粉（圣元优聪金装较大婴儿 和幼儿配方奶粉）,,21.5,56.5
较大婴儿和幼儿配方奶 粉（特选宝宝成长配方奶粉 2阶段）,0.6,22.5,56.0
较大婴儿和幼儿配方奶 粉（雅培金装喜康宝较大婴 幼儿配方奶粉）,2.6,,52.6
较大婴儿和幼儿配方奶 粉（雅培亲护金装较大婴儿 和幼儿配方奶粉2阶段),1.1,23.8,54.7
较大婴儿和幼儿配方奶粉 （伊利较大婴幼儿配方奶粉）,0.9,19.0,57.1
较大婴儿和幼儿配方奶 粉（伊利金领冠较大婴儿及 幼儿配方奶粉）,0.9,20.5,54.9
较大婴儿和幼儿配方奶 粉（伊利金装较大婴幼儿配 方奶粉）,0.9,20.0,56.0
苹果胡萝卜汁（亨氏苹果,,1.0,8.0
胡萝卜汁1阶段）,,1.0,8.2
苹果汁(亨氏苹果汁1阶段),-,1.0,10.2
葡萄汁(亨氏葡萄汁1阶段),,1.0,7.5
香橙汁(亨氏香橙汁1阶段),,? 1.0,8.3
较大婴儿配方奶粉（超级 飞帆较大婴儿配方奶粉IV）,57.6,15.2,21.5
较大婴儿配方奶粉（多美 滋多领加较大婴儿配方奶粉,56.1,16.0,21.3
2阶段） 较大婴儿配方奶粉（多美 滋优阶贝护延续较大婴儿配,52.6,15.2,20.4
方奶粉） 较大婴儿配方奶粉（飞帆 较大婴儿配方奶粉Ⅱ）,57.8,15.0,21.5
较大婴儿配方奶粉（合生 元超级呵护较大婴儿配方奶 粉2阶段）,56.5,15.0,22.5
较大婴儿配方奶粉（亨氏 超金智儿高较大婴儿配方奶 粉2段),2.8,,57.8
较大婴儿配方奶粉（惠氏 金装健儿乐较大婴儿和幼儿 配方奶粉）,2.2,22.0,57.2
较大婴儿配方奶粉（美素 佳儿GOLD金装较大婴儿配 方奶粉）,2.7,,59.0
较大婴儿配方奶粉（美赞 臣安婴宝较大婴儿配方奶粉）,2.8,18.9,61.8
较大婴儿配方奶粉（明治 珍爱宝较大婴儿和幼儿配方 奶粉）,2.0,18.0,62.9
较大婴儿配方奶粉（能慧 金装较大婴儿配方奶粉）,1.9,21.5,54.3
较大婴儿配方奶粉（欧世 蒙牛金装佳智较大婴儿配方 奶粉2阶段）,,22.9,51.8
较大婴儿配方奶粉（完达 山2段配方奶粉较大婴儿配 方奶粉）,0.9,22.5,55.1
较大婴儿配方奶粉（完达山 金装元乳较大婴儿配方奶粉),1.0,22.5,56.3
较大婴儿配方奶粉（完达 山育儿慧金装较大婴儿配方 奶粉2阶段）,0.9,22.5,55.2
较大婴儿配方奶粉（完达 山元乳较大婴儿配方奶粉2 阶段）,0.9,322.5,56.2
较大婴儿配方奶粉（雅士 利α-金装较大婴儿配方奶粉),2.0,21.3,54.2
较大婴儿配方羊奶粉（美 可高特大婴配方羊奶粉）,,25.1,46.6
婴儿配方奶粉（爱+新生 儿配方奶粉1阶段）,56.9,12.0,27.0
婴儿配方奶粉（爱+婴儿 配方奶粉2阶段),55.9,12.5,27.0
婴儿配方奶粉（贝因美初 生婴儿配方奶粉）,56.2,12.3,26.8
婴儿配方奶粉（超级飞帆 婴儿配方奶粉IV),57.6,12.0,27.1
婴儿配方奶粉（多美滋多 乐加婴儿配方奶粉1阶段）,57.4,11.1,25.8
婴儿配方奶粉（多美滋优 阶贝护婴儿配方奶粉),52.2,10.4,26.0
婴儿配方奶粉（飞帆婴儿 配方奶粉Ⅱ）,57.6,12.0,27.0
婴儿配方奶粉（合生元超 级呵护婴儿配方奶粉1阶段),58.7,11.8,25.0
婴儿配方奶粉（亨氏超金 康儿高婴儿配方奶粉1段）,57.3,11.0,26.0
婴儿配方奶粉（惠氏金装 爱儿乐婴儿配方奶粉）,58.4,11.0,29.0
婴儿配方奶粉（美素佳儿 GOLD金装婴儿配方奶粉）,57.1,10.6,27.0
婴儿配方奶粉（美赞臣安 婴儿婴儿配方奶粉）,61.0,10.5,26.0
婴儿配方奶粉（明治珍爱 儿婴儿配方奶粉）,58.8,12.2,225.9
婴儿配方奶粉（能慧金装 婴儿配方奶粉）,,,55.1
婴儿配方奶粉（雀巢力多 精婴儿配方奶粉1）,,25.5,58.9
婴儿配方奶粉（雀巢能恩 全进口奶源婴儿配方奶粉1）,,27.2,57.6
婴儿配方奶粉（三元爱力 优婴儿配方奶粉）,0.9,27.8,55.5
婴儿配方奶粉（三元爱欣 宝金装婴儿配方奶粉),1.6,27.3,56.1
婴儿配方奶粉（三元爱欣 宝婴儿配方奶粉）,1.6,27.2,56.1
婴儿配方奶粉（三元金装 爱力优婴儿配方奶粉),1.0,27.5,55.0
婴儿配方奶粉（圣元优博 爱系列1婴儿配方奶粉）,0.0,27.0,55.3
婴儿配方奶粉（圣元优聪 金装要儿配方奶粉),,25.0,55.2
婴儿配方奶粉（特选初生 婴儿配方奶粉1阶段),0.6,26.8,56.2
婴儿配方奶粉（完达山1 段配方奶粉婴儿配方奶粉),0.5,26.0,56.5
婴儿配方奶粉（完达山金 装元乳婴儿配方奶粉）,0.5,26.0,56.5
婴儿配方奶粉（完达山育儿 慧金装婴儿配方奶粉1阶段),0.5,25.8,56.8
婴儿配方奶粉（完达山元 乳婴儿配方奶粉1阶段）,0.5,26.0,56.5
婴儿配方奶粉（雅培金装 喜康宝婴儿配方奶粉）,3.0,26.0,58.2
婴儿配方奶粉（雅士利α- 金装婴儿配方奶粉）,55.2,11.8,27.1
婴儿配方奶粉（伊利金领 冠婴儿配方奶粉）,54.3,11.1,27.5
婴儿配方奶粉（伊利金装 婴儿配方奶粉）,60.5,10.9,27.0
婴儿配方奶粉（伊利婴儿 配方奶粉）,56.0,11.0,27.0
婴儿配方羊奶粉（美可高 特小婴配方羊奶粉),55.9,13.6,25.5
大薯（鲜）[参薯］,24.9,2.1,0.2
豆薯(鲜)「凉薯，地瓜，沙葛],13.4,0.9,0.1
葛（鲜）[葛署，粉葛］,36.1,2.2,0.2
山药(鲜）[薯，大薯］,12.4,1.9,0.2
山药（干）,70.8,9.4,1.0
槟榔芋 (鲜),,3.0 0.1,19.7
芋头［芋书、毛芋】,12.7,1.3,0.2
芋头 (煮),13.0,2.9,0.1
姜（鲜）[黄姜】,10.3,1.3,0.6
姜(干),64.0,9.1,5.7
姜（子姜，鲜）[嫩姜],3.7,0.7,0.6
洋姜（鲜）[菊芋，鬼子姜],15.8,2.4,Tr
扁豆[月亮菜],8.2,2.7,0.2
蚕豆 (鲜),19.5,8.8,0.4
刀豆（鲜）,7.0,3.1,0.3
豆角,6.7,2.5,0.2
豆角（鲜，白）,7.4,2.2,0.2
荷兰豆,4.9,2.5,0.3
龙豆（鲜）,5.0,3.7,0.5
龙牙豆（鲜）[玉豆],2.4,2.6,0.2
毛豆（鲜）[青豆，菜用大豆],10.5,13.1,5.0
四季豆 （菜豆）,5.7,2.0,0.4
豌豆（带荚，鲜）【回回豆],21.2,7.4,0.3
豌豆尖,53.9,3.1,Tr
油豆角（鲜）[多花菜豆],3.9,2.4,0.3
垅船豆 (鲜),6.8,2.0,0.4
芸豆（鲜）,7.4,0.8,0.1
虹豆 (长),5.8,2.7,0.2
扁豆,7.4,2.3,0.2
虹豆,7.3,2.2,0.3
四季豆【菜豆、芸豆],6.0,2.0,0.2
四棱豆[杨桃豆、翅豆],4.2,2.0,0.2
甜脆荷兰豆[甜豆],8.1,3.0,0.3
发芽豆,19.4,12.4,0.7
黄豆芽,,4.5 1.6,4.5
黄豆芽,-,1.6,3.6
绿豆芽,1.2,0.1,2.6
黑豆苗,1.6,0.8,2.6
豌豆苗,,4.8 0.8,2.6
莜麦面,67.7,13.7,8.6
燕麦,77.4,10.1,0.2
藜麦（散装）,57.8,14.0,6.0
藜麦（散装）,58.5,10.4,7.5
高粱面面条,68.7,7.0,0.2
白金瓜,6.2,0.4,-
白兰瓜,5.3,0.6,0.1
哈密瓜,7.9,0.5,0.1
黄河蜜瓜,4.0,0.4,Tr
金塔寺瓜,2.0,0.6,0.1
灵蜜瓜,0.4,0.5,0.1
麻醉瓜,3.6,0.7,0.1
甜瓜[香瓜],6.2,0.4,0.1
西瓜（代表值）,6.8,0.5,0.3
西瓜 （京欣一号）,8.1,0.5,Tr
西瓜 (郑州三号）,5.7,0.6,0.1
西瓜（忠于6号，黑皮）,6.5,0.5,0.5
子瓜,0.6,0.2,0.3
小西瓜[地雷瓜],6.7,0.8,0.1
海蟹,4.7,13.8,2.3
河蟹,2.3,17.5,2.6
锯缘青蟹[青蟹】,1.7,14.6,1.6
梭子蟹,0.9,15.9,3.1
蟹肉,1.1,11.6,1.2
海蟹 (小),3.6,14.2,1.1
锯缘青蟹 (公，鲜),3.1,16.7,5.2
锯缘青蟹(母，鲜),4.5,17.3,7.5
大闸蟹 (母),0.6,21.0,7.7
海蟹 (公),2.5,18.0,0.3
海蟹（母),1.2,14.2,0.3
蟹足棒,,9.0,0.6 20.5
蟹膏 (大闸蟹，蒸),4.4,15.4,9.8
蟹肉 (大闸蟹，公，蒸),Tr,24.2,3.4
蟹黄 (大闸蟹，蒸),1.2,24.0,17.2
蟹肉 (大闸蟹，母，蒸),0.9,22.4,4.2
梭子蟹(公，蒸),Tr,19.0,0.2
梭子蟹 (母，蒸),Tr,24.1,0.4
慈姑（鲜）［乌芋，白地果］,19.9,4.6,0.2
豆瓣菜(鲜)西洋菜，水田芥］,1.5,2.9,0.5
菱角（老，鲜）[龙角］,21.4,4.5,0.1
蒲菜(鲜[香蒲，甘蒲，野苓白],2.4,1.2,0.1
水芹菜,1.8,1.4,0.2
菱白(鲜)[芡笋，荧粑］,5.9,1.2,0.2
荸荠（鲜）[马蹄，地栗],14.2,1.2,0.2
莼菜（瓶装）[花案菜],3.8,1.4,0.1
藕[莲藕],11.5,1.2,0.2
红菱,40.9,5.7,0.3
狗肉,,16.8,4.6 1.8
骆驼蹄,0.2,25.6,1.4
骆驼掌,0.3,72.8,2.0
兔肉,0.9,19.7,2.2
兔肉 (野),0.0,16.6,2.0
鹿肉 (养殖梅花鹿),0.3,19.7,1.3
发菜（干）[仙菜],,20.2,0.5 60.8
海带(鲜）[江白菜],2.1,1.2,0.1
海带[江白菜，昆布],23.4,1.8,0.1
海带(浸）[江白菜，昆布],3.0,1.1,0.1
海冻菜（干)[石花菜，冻菜],72.9,5.4,0.1
琼脂[紫菜胶洋粉］,76.3,1.1,0.2
苔菜（干）[苔条，条浒苔],26.3,19.0,0.4
紫菜 (干),44.1,26.7,1.1
螺旋藻（干）,18.2,64.7,3.1
裙带菜(干)[海芥菜、海木耳],41.5,25.0,1.7
海带菜（鲜，姑香牌）,15.3,1.4,7.5
婴儿配方奶粉（惠氏S-26 金装爱儿加早产儿出院后配 方奶粉）,,54.0,
骨髓蔬菜泥（亨氏骨髓蔬 菜泥3阶段）,,4.6,8.4
胡萝卜鱼肉泥（亨氏胡萝 卜鱼肉泥2阶段）,,1.4,6.0
混合蔬菜泥（亨氏混合蔬 菜泥1阶段),1.8,1.0,6.6
混合水果泥（亨氏混合水 果泥1阶段),,1.0,13.2
苹果胡萝卜泥（亨氏苹果 胡萝下泥1阶段),,1.0,8.2
苹果南瓜红枣泥（亨氏苹 果南瓜红枣泥2阶段）,,1.0,9.7
苹果泥（亨氏金香苹果泥1 阶段）,,1.0,9.8
苹果香蕉泥（亨氏苹果香 蕉泥1阶段）,,1.0,14.2
三文鱼番茄泥（亨氏三文 鱼番茄泥2阶段),,1.7,8.6
蔬菜骨泥（亨氏蔬菜骨泥2,,1.5,4.0
甜嫩豌豆泥（亨氏甜嫩豌 豆泥1阶段),1.5,1.0,9.3
甜嫩玉米泥（亨氏甜嫩玉 米泥1阶段）,,1.0,8.4
香甜胡萝卜泥（亨氏香甜 胡萝卜泥1阶段),,1.0,5.5
香甜南瓜泥（亨氏香甜南 瓜泥1阶段）,1.6,1.0,6.9
全脂奶粉 (代表值）,50.5,19.9,22.3
全脂奶粉 (多维奶粉),49.9,19.9,22.7
全脂奶粉,51.7,20.1,21.2
全脂奶粉 (速溶),54.0,19.9,18.9
全脂奶粉(雀巢),39.0,24.0,28.0
全脂奶粉（伊利牌）,45.5,22.0,26.0
全脂奶粉(红星速溶加锌奶粉),54.1,18.5,20.8
全脂奶粉（欧世蒙牛多维 高钙高铁奶粉）,51.1,18.2,21.7
全脂奶粉（雪花钙加锌调 制奶粉),55.5,17.0,19.0
全脂奶粉（雪花高钙多维 调制奶粉）,52.0,19.5,22.0
全脂甜奶粉 (代表值),49.6,20.2,22.9
全脂甜奶粉,47.4,22.5,23.4
全脂甜奶粉 (伊利牌),52.8,19.0,21.0
全脂甜奶粉（飞鹤全脂甜乳粉）,48.0,20.0,23.0
全脂甜奶粉（红星速溶全 脂甜奶粉),50.0,18.5,23.0
全脂甜奶粉（三元燕山牌 全脂甜奶粉）,50.0,21.0,24.0
低脂奶粉(代表值，高钙高铁),55.9,23.7,11.9
低脂奶粉(高钙高铁，雀巢),50.0,27.0,11.7
低脂奶粉(高钙高铁，伊利牌),53.9,27.0,11.0
低脂奶粉(高钙高铁，可淇牌),63.0,17.0,13.0
全脂奶粉 (全脂羊乳粉),49.0,18.8,25.2
驴奶粉（花麒牌，西域龙 驴奶粉）,62.4,20.1,12.4
驴奶粉 (金驴龙奶）,70.8,14.8,8.2
驴奶粉(源西域牌，冻干特质),60.0,19.3,12.3
驼奶粉（花麒牌，西域龙 驼奶粉）,,20.2 30.4,43.4
驼奶粉 (天山牧歌牌),,16.7 28.6,47.1
驼奶粉（旺源牌，全脂驼 乳粉）,,21.3 34.6,37.0
儿童配方奶粉 (代表值),1.1,19.0,17.3 56.1
儿童配方奶粉（安儿健 A+，美赞臣）,,17.9,11.1 64.0
儿童配方奶粉（适体健， 美赞臣),,16.0 9.0,68.0
儿童配方奶粉 (惠氏),,17.0 15.0,62.0
儿童配方奶粉 (可淇牌),,17.0,17.0 59.0
儿童配方奶粉(完达山牌),,17.0 18.0,57.0
儿童配方奶粉（贝因美特 选幼童配方奶粉4阶段),0.6,18.0 19.5,56.6
儿童配方奶粉（多美滋优 阶儿童配方奶粉）,,19.6 10.0,59.4
儿童配方奶粉（惠氏金装 学儿乐学龄前儿童配方奶粉),3.0,17.0 16.0,58.9
儿童配方奶粉（美素佳儿 GOLD 金装儿童配方奶粉）,,25.8,17.0 49.0
儿童配方奶粉（美赞臣安 儿健儿童配方奶粉）,3.0,20.0,12.0 63.0
儿童配方奶粉（明治珍爱 童儿童配方奶粉）,0.3,20.0,19.0 53.7
儿童配方奶粉（欧世蒙牛 金装佳智学龄前儿童特殊配 方奶粉4阶段),52.5,17.9,20.9
儿童配方奶粉（雀巢能恩 全进口奶源儿童配方奶粉4）,49.0,22.0,19.0
儿童配方奶粉（三元爱益 儿童成长配方奶粉),60.0,20.0,20.0
儿童配方奶粉（完达山4 段儿童奶粉）,,,19.2 55.7
儿童配方奶粉（完达山金 装元乳4段儿童奶粉),,19.8,54.8
儿童配方奶粉（雪花学生 特殊配方奶粉）,,,19.0 55.0
儿童配方奶粉（雪花学生 营养奶粉）,,19.5,54.0
儿童配方奶粉（雅培金装 喜康宝儿童配方奶粉）,0.7,15.9,58.1
儿童配方奶粉（雅士利儿 童奶粉）,,18.0,53.0
儿童配方奶粉（伊利儿童 配方奶粉）,0.6,20.0,50.6
儿童配方奶粉（伊利金领 冠儿童配方奶粉),50.6,21.5,20.0
儿童配方奶粉（伊利金装 儿童配方奶粉）,0.6,21.5,20.0 50.6
儿童配方奶粉（伊利学生 营养奶粉）,,18.0 20.0,53.0
孕产妇配方奶粉（代表值）,60.5,22.0,9.8
孕产妇配方奶粉 (惠氏),70.0,16.0,6.8
孕产妇配方奶粉(美赞臣),62.4,23.3,3.9
孕产妇配方奶粉（贝因美 冠军宝贝孕妈咪配方奶粉）,59.0,22.5,12.0
孕产妇配方奶粉（贝因美 金装爱+孕妈咪配方奶粉）,59.0,22.5,12.0
孕产妇配方奶粉（贝因美 金装爱+准妈咪配方奶粉),61.5,22.5,10.0
孕产妇配方奶粉（多美滋 优阶妈妈孕产妇配方奶粉）,67.4,20.5,2.5
孕产妇配方奶粉（飞帆孕 产妇配方乳粉）,57.7,18.0,17.5
孕产妇配方奶粉（合生元 金装妈妈配方奶粉）,62.7,27.0,2.8
孕产妇配方奶粉（亨氏超 金妈妈孕产妇配方奶粉),57.0,26.0,8.0
孕产妇配方奶粉（惠氏爱 儿乐妈妈孕产妇配方奶粉）,67.0,19.0,6.9
孕产妇配方奶粉（美素佳 儿GOLD金装妈妈孕产妇 配方奶粉),47.1,27.0,17.5
孕产妇配方奶粉（美赞臣 安婴妈妈孕产妇配方奶粉）,62.0,24.0,4.3
孕产妇配方奶粉（雀巢妈 妈孕产妇奶粉),67.0,20.0,6.5
孕产妇配方奶粉（雀巢妈 妈孕产妇营养配方奶粉）,67.0,20.0,6.0
孕产妇配方奶粉（三元爱 力优妈妈配方奶粉）,56.3,22.5,13.8
孕产妇配方奶粉（圣元优 博妈咪孕产妇配方奶粉),,22.0,16.0 52.0
孕产妇配方奶粉（完达山 妈咪配方奶粉）,1.2,22.5 17.5,52.4
孕产妇配方奶粉（雅培妈妈 喜康素金装孕产妇配方奶粉),3.7,23.1 2.0,66.0
孕产妇配方奶粉（雅士利 能慧金装孕产妇奶粉),3.0,20.6 12.5,59.0
孕产妇配方奶粉（伊利金 领冠妈妈配方奶粉）,0.9,22.0 14.0,60.9
孕产妇配方奶粉（伊利孕 妇奶粉）,,22.0,14.0 56.7
孕产妇配方羊奶粉（美可 高特孕产妇配方羊奶粉),,22.0 15.5,54.9
中老年配方奶粉(代表值),,21.8,12.8 55.7
中老年配方奶粉(可淇牌),,18.0,12.0 63.0
中老年配方奶粉 (雀巢),44.8,30.0,14.4
中老年配方奶粉(森永牌),60.0,22.0,10.0
中老年配方奶粉（三元爱 益中老年配方奶粉),63.0,20.0,13.0
中老年配方奶粉（雪花中 老年特殊配方奶粉),,20.0,13.6 58.0
中老年营养奶粉（雪花中 老年营养奶粉),,21.0,14.0 58.0
炼乳(甜，罐头),55.4,8.0,8.7
奶皮子,6.3,12.2,42.9
奶片,59.3,13.3,20.2
全脂甜炼乳 (雀巢),64.9,7.5,10.0
全脂甜炼乳(燕山牌),62.8,8.2,10.0
脱脂甜炼乳,58.0,10.3,0.2
蛋白粉（益力健乳铁乳清 蛋白粉）,28.0,50.0,12.5
牛初乳奶片（纽瑞滋牛初,49.5,27.0,4.5
乳咀嚼奶片) 奶渣,41.3,44.4,4.2
